package_id,hub_id,hub_nama,kota,kecamatan_tujuan,latitude,longitude,jarak_ke_hub_km
PKT-000001,H01,Jne Gateway Surabaya,Surabaya,Benowo,-7.2511947,112.6372816,19.628
PKT-000002,H01,Jne Gateway Surabaya,Surabaya,Rungkut,-7.3236598,112.76347,9.733
PKT-000003,H01,Jne Gateway Surabaya,Surabaya,Genteng,-7.2732173,112.7446461,14.612
PKT-000004,H01,Jne Gateway Surabaya,Surabaya,Sambikerep,-7.2662035,112.6551106,17.215
PKT-000005,H01,Jne Gateway Surabaya,Surabaya,Wonokromo,-7.3127698,112.7307259,10.095
PKT-000006,H01,Jne Gateway Surabaya,Surabaya,Wonocolo,-7.3256693,112.7257396,8.655
PKT-000007,H01,Jne Gateway Surabaya,Surabaya,Mulyorejo,-7.2723586,112.7860499,15.958
PKT-000008,H01,Jne Gateway Surabaya,Surabaya,Jambangan,-7.3028736,112.7142011,11.281
PKT-000009,H01,Jne Gateway Surabaya,Surabaya,Wonocolo,-7.3253773,112.7421257,8.839
PKT-000010,H01,Jne Gateway Surabaya,Surabaya,Asemrowo,-7.2431314,112.7022154,18.044
PKT-000011,H01,Jne Gateway Surabaya,Surabaya,Sukolilo,-7.3088754,112.7868432,12.404
PKT-000012,H01,Jne Gateway Surabaya,Surabaya,Gunung Anyar,-7.3555056,112.7552154,6.162
PKT-000013,H01,Jne Gateway Surabaya,Surabaya,Bulak,-7.2468291,112.7966524,19.027
PKT-000014,H01,Jne Gateway Surabaya,Surabaya,Bubutan,-7.2569792,112.7438966,16.394
PKT-000015,H01,Jne Gateway Surabaya,Surabaya,Tegalsari,-7.2925964,112.7168296,12.385
PKT-000016,H01,Jne Gateway Surabaya,Surabaya,Gunung Anyar,-7.3547842,112.7595837,6.483
PKT-000017,H01,Jne Gateway Surabaya,Surabaya,Sambikerep,-7.2849591,112.6363661,16.559
PKT-000018,H01,Jne Gateway Surabaya,Surabaya,Sukolilo,-7.2863855,112.7605991,13.531
PKT-000019,H01,Jne Gateway Surabaya,Surabaya,Sukomanunggal,-7.2718332,112.7099297,14.764
PKT-000020,H01,Jne Gateway Surabaya,Surabaya,Gunung Anyar,-7.3328884,112.7775845,9.614
PKT-000021,H01,Jne Gateway Surabaya,Surabaya,Pabean Cantian,-7.2193808,112.7603903,20.796
PKT-000022,H01,Jne Gateway Surabaya,Surabaya,Sawahan,-7.2543274,112.7239685,16.59
PKT-000023,H01,Jne Gateway Surabaya,Surabaya,Krembangan,-7.2392988,112.7242187,18.261
PKT-000024,H01,Jne Gateway Surabaya,Surabaya,Sukomanunggal,-7.2722587,112.7200697,14.614
PKT-000025,H01,Jne Gateway Surabaya,Surabaya,Wonocolo,-7.3336876,112.7314216,7.775
PKT-000026,H01,Jne Gateway Surabaya,Surabaya,Tegalsari,-7.2752994,112.7305828,14.259
PKT-000027,H01,Jne Gateway Surabaya,Surabaya,Tegalsari,-7.2657657,112.7366042,15.349
PKT-000028,H01,Jne Gateway Surabaya,Surabaya,Wiyung,-7.2879239,112.6983916,13.239
PKT-000029,H01,Jne Gateway Surabaya,Surabaya,Gubeng,-7.2709581,112.7487143,14.926
PKT-000030,H01,Jne Gateway Surabaya,Surabaya,Sawahan,-7.2936518,112.7168373,12.268
PKT-000031,H01,Jne Gateway Surabaya,Surabaya,Sawahan,-7.2781918,112.7190804,13.962
PKT-000032,H01,Jne Gateway Surabaya,Surabaya,Mulyorejo,-7.2638382,112.7684246,16.179
PKT-000033,H01,Jne Gateway Surabaya,Surabaya,Bulak,-7.2625413,112.7823765,16.81
PKT-000034,H01,Jne Gateway Surabaya,Surabaya,Sukomanunggal,-7.2601055,112.7039458,16.15
PKT-000035,H01,Jne Gateway Surabaya,Surabaya,Gayungan,-7.326625,112.7272961,8.547
PKT-000036,H01,Jne Gateway Surabaya,Surabaya,Sawahan,-7.259828,112.7317333,15.982
PKT-000037,H01,Jne Gateway Surabaya,Surabaya,Kenjeran,-7.2112608,112.7730273,21.963
PKT-000038,H01,Jne Gateway Surabaya,Surabaya,Tambaksari,-7.2817755,112.7619167,14.063
PKT-000039,H01,Jne Gateway Surabaya,Surabaya,Jambangan,-7.3075177,112.7070385,10.903
PKT-000040,H01,Jne Gateway Surabaya,Surabaya,Pakal,-7.2417307,112.5952547,23.141
PKT-000041,H01,Jne Gateway Surabaya,Surabaya,Wiyung,-7.310362,112.6772135,11.735
PKT-000042,H01,Jne Gateway Surabaya,Surabaya,Tandes,-7.2690635,112.6737016,16.073
PKT-000043,H01,Jne Gateway Surabaya,Surabaya,Simokerto,-7.2419083,112.7354581,17.99
PKT-000044,H01,Jne Gateway Surabaya,Surabaya,Wonokromo,-7.2996738,112.7257865,11.545
PKT-000045,H01,Jne Gateway Surabaya,Surabaya,Pakal,-7.2289107,112.6013356,23.869
PKT-000046,H01,Jne Gateway Surabaya,Surabaya,Sawahan,-7.2771004,112.7163417,14.106
PKT-000047,H01,Jne Gateway Surabaya,Surabaya,Gunung Anyar,-7.3374677,112.753557,7.893
PKT-000048,H01,Jne Gateway Surabaya,Surabaya,Gayungan,-7.3088522,112.7132938,10.636
PKT-000049,H01,Jne Gateway Surabaya,Surabaya,Kenjeran,-7.2228846,112.7706276,20.644
PKT-000050,H01,Jne Gateway Surabaya,Surabaya,Bubutan,-7.2432275,112.7254224,17.822
PKT-000051,H01,Jne Gateway Surabaya,Surabaya,Mulyorejo,-7.242934,112.7632789,18.29
PKT-000052,H01,Jne Gateway Surabaya,Surabaya,Sukolilo,-7.3032719,112.7577145,11.639
PKT-000053,H01,Jne Gateway Surabaya,Surabaya,Gayungan,-7.3379683,112.7243949,7.293
PKT-000054,H01,Jne Gateway Surabaya,Surabaya,Pabean Cantian,-7.2310698,112.7351959,19.192
PKT-000055,H01,Jne Gateway Surabaya,Surabaya,Wiyung,-7.3273636,112.6850945,9.658
PKT-000056,H01,Jne Gateway Surabaya,Surabaya,Simokerto,-7.2351834,112.7681806,19.251
PKT-000057,H01,Jne Gateway Surabaya,Surabaya,Bulak,-7.2478027,112.7778323,18.188
PKT-000058,H01,Jne Gateway Surabaya,Surabaya,Sukomanunggal,-7.2519633,112.6929379,17.269
PKT-000059,H01,Jne Gateway Surabaya,Surabaya,Tambaksari,-7.2407532,112.7600087,18.452
PKT-000060,H01,Jne Gateway Surabaya,Surabaya,Mulyorejo,-7.2616951,112.7936271,17.383
PKT-000061,H01,Jne Gateway Surabaya,Surabaya,Gubeng,-7.2929379,112.7506749,12.561
PKT-000062,H01,Jne Gateway Surabaya,Surabaya,Benowo,-7.2358073,112.6532652,20.354
PKT-000063,H01,Jne Gateway Surabaya,Surabaya,Mulyorejo,-7.2606818,112.7842898,17.08
PKT-000064,H01,Jne Gateway Surabaya,Surabaya,Dukuh Pakis,-7.2734281,112.6883782,15.085
PKT-000065,H01,Jne Gateway Surabaya,Surabaya,Pabean Cantian,-7.23097,112.7342366,19.199
PKT-000066,H01,Jne Gateway Surabaya,Surabaya,Bulak,-7.2269726,112.7890821,20.778
PKT-000067,H01,Jne Gateway Surabaya,Surabaya,Semampir,-7.2137502,112.7649471,21.504
PKT-000068,H01,Jne Gateway Surabaya,Surabaya,Karang Pilang,-7.3316684,112.7078462,8.269
PKT-000069,H01,Jne Gateway Surabaya,Surabaya,Karang Pilang,-7.3409474,112.7125044,7.143
PKT-000070,H01,Jne Gateway Surabaya,Surabaya,Jambangan,-7.3263567,112.6958696,9.25
PKT-000071,H01,Jne Gateway Surabaya,Surabaya,Sawahan,-7.2596224,112.7236469,16.003
PKT-000072,H01,Jne Gateway Surabaya,Surabaya,Dukuh Pakis,-7.2794605,112.6792602,14.773
PKT-000073,H01,Jne Gateway Surabaya,Surabaya,Asemrowo,-7.2486717,112.7169978,17.252
PKT-000074,H01,Jne Gateway Surabaya,Surabaya,Karang Pilang,-7.3283051,112.7148909,8.471
PKT-000075,H01,Jne Gateway Surabaya,Surabaya,Jambangan,-7.3128319,112.7074236,10.316
PKT-000076,H01,Jne Gateway Surabaya,Surabaya,Jambangan,-7.3207759,112.7091275,9.413
PKT-000077,H01,Jne Gateway Surabaya,Surabaya,Sawahan,-7.2470384,112.7166182,17.436
PKT-000078,H01,Jne Gateway Surabaya,Surabaya,Sukolilo,-7.2804593,112.7690265,14.435
PKT-000079,H01,Jne Gateway Surabaya,Surabaya,Lakarsantri,-7.3173492,112.668946,11.538
PKT-000080,H01,Jne Gateway Surabaya,Surabaya,Jambangan,-7.3273694,112.7157151,8.56
PKT-000081,H01,Jne Gateway Surabaya,Surabaya,Sukomanunggal,-7.2572712,112.6936162,16.677
PKT-000082,H01,Jne Gateway Surabaya,Surabaya,Bubutan,-7.2435122,112.7209097,17.803
PKT-000083,H01,Jne Gateway Surabaya,Surabaya,Karang Pilang,-7.3398483,112.6848939,8.48
PKT-000084,H01,Jne Gateway Surabaya,Surabaya,Tenggilis Mejoyo,-7.3378788,112.7515524,7.772
PKT-000085,H01,Jne Gateway Surabaya,Surabaya,Rungkut,-7.3191395,112.7887691,11.575
PKT-000086,H01,Jne Gateway Surabaya,Surabaya,Sambikerep,-7.2871521,112.646548,15.703
PKT-000087,H01,Jne Gateway Surabaya,Surabaya,Bulak,-7.2424384,112.7985978,19.56
PKT-000088,H01,Jne Gateway Surabaya,Surabaya,Semampir,-7.2372523,112.7512245,18.673
PKT-000089,H01,Jne Gateway Surabaya,Surabaya,Lakarsantri,-7.2931184,112.6663664,13.99
PKT-000090,H01,Jne Gateway Surabaya,Surabaya,Jambangan,-7.317881,112.7278925,9.52
PKT-000091,H01,Jne Gateway Surabaya,Surabaya,Pabean Cantian,-7.2087549,112.7237593,21.657
PKT-000092,H01,Jne Gateway Surabaya,Surabaya,Simokerto,-7.2318548,112.7483155,19.226
PKT-000093,H01,Jne Gateway Surabaya,Surabaya,Kenjeran,-7.2171471,112.769745,21.244
PKT-000094,H01,Jne Gateway Surabaya,Surabaya,Pabean Cantian,-7.2287735,112.72571,19.429
PKT-000095,H02,Gudang JNE Kenjeran,Surabaya,Asemrowo,-7.2582761,112.6960972,8.542
PKT-000096,H02,Gudang JNE Kenjeran,Surabaya,Wiyung,-7.3254717,112.6985784,12.091
PKT-000097,H02,Gudang JNE Kenjeran,Surabaya,Tandes,-7.2832228,112.6757332,11.474
PKT-000098,H02,Gudang JNE Kenjeran,Surabaya,Bubutan,-7.2346095,112.7393218,3.829
PKT-000099,H02,Gudang JNE Kenjeran,Surabaya,Gubeng,-7.2736518,112.7557761,3.668
PKT-000100,H02,Gudang JNE Kenjeran,Surabaya,Asemrowo,-7.2595996,112.7048162,7.627
PKT-000101,H02,Gudang JNE Kenjeran,Surabaya,Gunung Anyar,-7.3209679,112.7516944,8.742
PKT-000102,H02,Gudang JNE Kenjeran,Surabaya,Gunung Anyar,-7.3413553,112.7805124,10.743
PKT-000103,H02,Gudang JNE Kenjeran,Surabaya,Krembangan,-7.2430198,112.7156837,6.259
PKT-000104,H02,Gudang JNE Kenjeran,Surabaya,Tenggilis Mejoyo,-7.3211991,112.7567719,8.638
PKT-000105,H02,Gudang JNE Kenjeran,Surabaya,Tegalsari,-7.3013123,112.7253744,8.124
PKT-000106,H02,Gudang JNE Kenjeran,Surabaya,Pakal,-7.229852,112.6061719,18.413
PKT-000107,H02,Gudang JNE Kenjeran,Surabaya,Pakal,-7.2208434,112.5961527,19.627
PKT-000108,H02,Gudang JNE Kenjeran,Surabaya,Rungkut,-7.3243991,112.7969862,9.228
PKT-000109,H02,Gudang JNE Kenjeran,Surabaya,Wonocolo,-7.3268651,112.7526718,9.351
PKT-000110,H02,Gudang JNE Kenjeran,Surabaya,Jambangan,-7.3252501,112.7269126,10.229
PKT-000111,H02,Gudang JNE Kenjeran,Surabaya,Genteng,-7.2550295,112.7469958,3.012
PKT-000112,H02,Gudang JNE Kenjeran,Surabaya,Sawahan,-7.2776696,112.7210962,6.719
PKT-000113,H02,Gudang JNE Kenjeran,Surabaya,Benowo,-7.2538373,112.651487,13.372
PKT-000114,H02,Gudang JNE Kenjeran,Surabaya,Wiyung,-7.3049368,112.6986793,10.507
PKT-000115,H02,Gudang JNE Kenjeran,Surabaya,Wonocolo,-7.3184893,112.7384066,8.982
PKT-000116,H02,Gudang JNE Kenjeran,Surabaya,Sukolilo,-7.2839369,112.7731319,4.322
PKT-000117,H02,Gudang JNE Kenjeran,Surabaya,Rungkut,-7.3434776,112.7747889,10.945
PKT-000118,H02,Gudang JNE Kenjeran,Surabaya,Gubeng,-7.2899629,112.7518448,5.481
PKT-000119,H02,Gudang JNE Kenjeran,Surabaya,Sambikerep,-7.2832626,112.6771096,11.335
PKT-000120,H02,Gudang JNE Kenjeran,Surabaya,Tenggilis Mejoyo,-7.3170752,112.7574031,8.175
PKT-000121,H02,Gudang JNE Kenjeran,Surabaya,Gunung Anyar,-7.3364101,112.7768149,10.167
PKT-000122,H02,Gudang JNE Kenjeran,Surabaya,Pakal,-7.2447821,112.6205319,16.751
PKT-000123,H02,Gudang JNE Kenjeran,Surabaya,Jambangan,-7.3376259,112.7224279,11.673
PKT-000124,H02,Gudang JNE Kenjeran,Surabaya,Rungkut,-7.3144764,112.7772079,7.735
PKT-000125,H02,Gudang JNE Kenjeran,Surabaya,Lakarsantri,-7.2850506,112.6582622,13.35
PKT-000126,H02,Gudang JNE Kenjeran,Surabaya,Genteng,-7.2644727,112.7529454,3.042
PKT-000127,H02,Gudang JNE Kenjeran,Surabaya,Bubutan,-7.2596185,112.7572448,2.325
PKT-000128,H02,Gudang JNE Kenjeran,Surabaya,Tenggilis Mejoyo,-7.3295721,112.7411759,10.006
PKT-000129,H02,Gudang JNE Kenjeran,Surabaya,Mulyorejo,-7.2655515,112.8036679,4.134
PKT-000130,H02,Gudang JNE Kenjeran,Surabaya,Pakal,-7.2381194,112.6107646,17.845
PKT-000131,H02,Gudang JNE Kenjeran,Surabaya,Semampir,-7.2106158,112.7729923,3.833
PKT-000132,H02,Gudang JNE Kenjeran,Surabaya,Tambaksari,-7.2638408,112.7852977,2.526
PKT-000133,H02,Gudang JNE Kenjeran,Surabaya,Jambangan,-7.3237004,112.7158822,10.737
PKT-000134,H02,Gudang JNE Kenjeran,Surabaya,Asemrowo,-7.2609639,112.7107143,7.029
PKT-000135,H02,Gudang JNE Kenjeran,Surabaya,Sukolilo,-7.2915562,112.7772714,5.196
PKT-000136,H02,Gudang JNE Kenjeran,Surabaya,Sawahan,-7.2869467,112.7156701,7.798
PKT-000137,H02,Gudang JNE Kenjeran,Surabaya,Tegalsari,-7.3027599,112.7282651,8.051
PKT-000138,H02,Gudang JNE Kenjeran,Surabaya,Pakal,-7.2291582,112.6021449,18.863
PKT-000139,H02,Gudang JNE Kenjeran,Surabaya,Gubeng,-7.269273,112.7537318,3.387
PKT-000140,H02,Gudang JNE Kenjeran,Surabaya,Pakal,-7.2445458,112.602356,18.756
PKT-000141,H02,Gudang JNE Kenjeran,Surabaya,Tenggilis Mejoyo,-7.3265942,112.7727918,9.064
PKT-000142,H02,Gudang JNE Kenjeran,Surabaya,Wonokromo,-7.2819561,112.7565302,4.458
PKT-000143,H02,Gudang JNE Kenjeran,Surabaya,Asemrowo,-7.2539063,112.7235318,5.478
PKT-000144,H02,Gudang JNE Kenjeran,Surabaya,Benowo,-7.27179,112.6434291,14.532
PKT-000145,H02,Gudang JNE Kenjeran,Surabaya,Pabean Cantian,-7.2201315,112.7138767,7.025
PKT-000146,H02,Gudang JNE Kenjeran,Surabaya,Pabean Cantian,-7.2123866,112.7447157,4.747
PKT-000147,H02,Gudang JNE Kenjeran,Surabaya,Simokerto,-7.2440304,112.7448991,3.035
PKT-000148,H02,Gudang JNE Kenjeran,Surabaya,Dukuh Pakis,-7.28435,112.6794432,11.143
PKT-000149,H02,Gudang JNE Kenjeran,Surabaya,Genteng,-7.2613317,112.758695,2.355
PKT-000150,H02,Gudang JNE Kenjeran,Surabaya,Karang Pilang,-7.3419412,112.7190525,12.273
PKT-000151,H02,Gudang JNE Kenjeran,Surabaya,Krembangan,-7.2298591,112.7400087,3.952
PKT-000152,H02,Gudang JNE Kenjeran,Surabaya,Simokerto,-7.2527556,112.7674033,1.016
PKT-000153,H02,Gudang JNE Kenjeran,Surabaya,Lakarsantri,-7.3135956,112.6548494,15.037
PKT-000154,H02,Gudang JNE Kenjeran,Surabaya,Krembangan,-7.2333785,112.7225253,5.652
PKT-000155,H02,Gudang JNE Kenjeran,Surabaya,Asemrowo,-7.267314,112.7116602,7.14
PKT-000156,H02,Gudang JNE Kenjeran,Surabaya,Sawahan,-7.2748551,112.728144,5.898
PKT-000157,H02,Gudang JNE Kenjeran,Surabaya,Pabean Cantian,-7.2134535,112.7458775,4.574
PKT-000158,H02,Gudang JNE Kenjeran,Surabaya,Genteng,-7.2396913,112.7442722,3.159
PKT-000159,H02,Gudang JNE Kenjeran,Surabaya,Pabean Cantian,-7.2043073,112.7400929,5.766
PKT-000160,H02,Gudang JNE Kenjeran,Surabaya,Sawahan,-7.2731062,112.7131682,7.238
PKT-000161,H02,Gudang JNE Kenjeran,Surabaya,Simokerto,-7.2385245,112.7363491,4.042
PKT-000162,H02,Gudang JNE Kenjeran,Surabaya,Mulyorejo,-7.2610784,112.7768356,1.846
PKT-000163,H02,Gudang JNE Kenjeran,Surabaya,Sambikerep,-7.2738558,112.6669316,12.064
PKT-000164,H02,Gudang JNE Kenjeran,Surabaya,Jambangan,-7.3225634,112.7004376,11.714
PKT-000165,H02,Gudang JNE Kenjeran,Surabaya,Genteng,-7.2634792,112.7434343,3.793
PKT-000166,H02,Gudang JNE Kenjeran,Surabaya,Wonocolo,-7.3258465,112.7456089,9.454
PKT-000167,H02,Gudang JNE Kenjeran,Surabaya,Rungkut,-7.3228529,112.7800684,8.69
PKT-000168,H02,Gudang JNE Kenjeran,Surabaya,Gayungan,-7.316431,112.7067976,10.737
PKT-000169,H02,Gudang JNE Kenjeran,Surabaya,Gayungan,-7.3385178,112.7289595,11.441
PKT-000170,H02,Gudang JNE Kenjeran,Surabaya,Simokerto,-7.2430133,112.7415398,3.411
PKT-000171,H02,Gudang JNE Kenjeran,Surabaya,Krembangan,-7.2382693,112.7540533,2.16
PKT-000172,H02,Gudang JNE Kenjeran,Surabaya,Tambaksari,-7.2423588,112.7773974,0.63
PKT-000173,H02,Gudang JNE Kenjeran,Surabaya,Wonokromo,-7.28501,112.7385593,5.8
PKT-000174,H02,Gudang JNE Kenjeran,Surabaya,Simokerto,-7.2382321,112.7412249,3.521
PKT-000175,H02,Gudang JNE Kenjeran,Surabaya,Tegalsari,-7.2784195,112.7208531,6.787
PKT-000176,H02,Gudang JNE Kenjeran,Surabaya,Tegalsari,-7.2651468,112.7274838,5.433
PKT-000177,H02,Gudang JNE Kenjeran,Surabaya,Lakarsantri,-7.3067124,112.6481135,15.325
PKT-000178,H02,Gudang JNE Kenjeran,Surabaya,Wiyung,-7.311357,112.665343,13.918
PKT-000179,H02,Gudang JNE Kenjeran,Surabaya,Wiyung,-7.310197,112.673656,13.078
PKT-000180,H02,Gudang JNE Kenjeran,Surabaya,Sawahan,-7.2684579,112.7293653,5.411
PKT-000181,H02,Gudang JNE Kenjeran,Surabaya,Wonocolo,-7.3190984,112.7468268,8.7
PKT-000182,H02,Gudang JNE Kenjeran,Surabaya,Dukuh Pakis,-7.277465,112.6816352,10.639
PKT-000183,H02,Gudang JNE Kenjeran,Surabaya,Rungkut,-7.3200485,112.7990928,8.841
PKT-000184,H02,Gudang JNE Kenjeran,Surabaya,Wonocolo,-7.3142995,112.7495644,8.098
PKT-000185,H02,Gudang JNE Kenjeran,Surabaya,Dukuh Pakis,-7.2929315,112.6814109,11.358
PKT-000186,H02,Gudang JNE Kenjeran,Surabaya,Asemrowo,-7.2475712,112.694904,8.552
PKT-000187,H02,Gudang JNE Kenjeran,Surabaya,Gayungan,-7.3476233,112.7164879,12.963
PKT-000188,H02,Gudang JNE Kenjeran,Surabaya,Jambangan,-7.3128376,112.7028235,10.754
PKT-000189,H02,Gudang JNE Kenjeran,Surabaya,Semampir,-7.2034357,112.752043,5.146
PKT-000190,H02,Gudang JNE Kenjeran,Surabaya,Gayungan,-7.3510474,112.7414649,12.267
PKT-000191,H02,Gudang JNE Kenjeran,Surabaya,Tegalsari,-7.2927258,112.7440661,6.151
PKT-000192,H02,Gudang JNE Kenjeran,Surabaya,Krembangan,-7.2306737,112.7072714,7.359
PKT-000193,H02,Gudang JNE Kenjeran,Surabaya,Semampir,-7.2119404,112.7640001,3.799
PKT-000194,H02,Gudang JNE Kenjeran,Surabaya,Benowo,-7.2640656,112.6573458,12.864
PKT-000195,H02,Gudang JNE Kenjeran,Surabaya,Tenggilis Mejoyo,-7.3261673,112.761987,9.089
PKT-000196,H02,Gudang JNE Kenjeran,Surabaya,Tambaksari,-7.2760563,112.7621592,3.625
PKT-000197,H02,Gudang JNE Kenjeran,Surabaya,Gubeng,-7.2807428,112.7548023,4.415
PKT-000198,H02,Gudang JNE Kenjeran,Surabaya,Sawahan,-7.2905015,112.726971,7.114
PKT-000199,H02,Gudang JNE Kenjeran,Surabaya,Lakarsantri,-7.2953145,112.6650337,13.093
PKT-000200,H02,Gudang JNE Kenjeran,Surabaya,Asemrowo,-7.2635607,112.708048,7.389
PKT-000201,H02,Gudang JNE Kenjeran,Surabaya,Genteng,-7.2723823,112.7626059,3.222
PKT-000202,H02,Gudang JNE Kenjeran,Surabaya,Tegalsari,-7.2953396,112.7451228,6.347
PKT-000203,H02,Gudang JNE Kenjeran,Surabaya,Semampir,-7.1998577,112.7534178,5.446
PKT-000204,H02,Gudang JNE Kenjeran,Surabaya,Simokerto,-7.2486232,112.76775,0.646
PKT-000205,H02,Gudang JNE Kenjeran,Surabaya,Gayungan,-7.3287868,112.7247455,10.689
PKT-000206,H02,Gudang JNE Kenjeran,Surabaya,Benowo,-7.2433071,112.6436486,14.202
PKT-000207,H02,Gudang JNE Kenjeran,Surabaya,Benowo,-7.256982,112.6400903,14.653
PKT-000208,H03,GATEWAY J&T CARGO SURABAYA,Surabaya,Pabean Cantian,-7.1950339,112.7517275,10.789
PKT-000209,H03,GATEWAY J&T CARGO SURABAYA,Surabaya,Tambaksari,-7.2573592,112.748531,10.614
PKT-000210,H03,GATEWAY J&T CARGO SURABAYA,Surabaya,Lakarsantri,-7.3299136,112.642742,11.904
PKT-000211,H03,GATEWAY J&T CARGO SURABAYA,Surabaya,Wonocolo,-7.3007295,112.7520414,13.4
PKT-000212,H03,GATEWAY J&T CARGO SURABAYA,Surabaya,Simokerto,-7.2444117,112.7682984,12.336
PKT-000213,H03,GATEWAY J&T CARGO SURABAYA,Surabaya,Bubutan,-7.2529392,112.7499658,10.603
PKT-000214,H03,GATEWAY J&T CARGO SURABAYA,Surabaya,Simokerto,-7.2584185,112.7737387,13.289
PKT-000215,H03,GATEWAY J&T CARGO SURABAYA,Surabaya,Asemrowo,-7.2374274,112.7133352,6.244
PKT-000216,H03,GATEWAY J&T CARGO SURABAYA,Surabaya,Sawahan,-7.2684962,112.7348983,9.785
PKT-000217,H03,GATEWAY J&T CARGO SURABAYA,Surabaya,Tandes,-7.2479034,112.6556599,2.676
PKT-000218,H03,GATEWAY J&T CARGO SURABAYA,Surabaya,Pakal,-7.231351,112.5939672,7.152
PKT-000219,H03,GATEWAY J&T CARGO SURABAYA,Surabaya,Sambikerep,-7.28139,112.6637715,6.411
PKT-000220,H03,GATEWAY J&T CARGO SURABAYA,Surabaya,Gunung Anyar,-7.3232618,112.7753117,16.977
PKT-000221,H03,GATEWAY J&T CARGO SURABAYA,Surabaya,Benowo,-7.237979,112.6283541,3.659
PKT-000222,H03,GATEWAY J&T CARGO SURABAYA,Surabaya,Pakal,-7.2458366,112.6130673,5.558
PKT-000223,H03,GATEWAY J&T CARGO SURABAYA,Surabaya,Genteng,-7.2494854,112.7328266,8.688
PKT-000224,H03,GATEWAY J&T CARGO SURABAYA,Surabaya,Karang Pilang,-7.3272353,112.715686,13.106
PKT-000225,H03,GATEWAY J&T CARGO SURABAYA,Surabaya,Sawahan,-7.2719878,112.7379435,10.272
PKT-000226,H03,GATEWAY J&T CARGO SURABAYA,Surabaya,Krembangan,-7.2363643,112.7181837,6.739
PKT-000227,H03,GATEWAY J&T CARGO SURABAYA,Surabaya,Tegalsari,-7.2768568,112.7253095,9.437
PKT-000228,H03,GATEWAY J&T CARGO SURABAYA,Surabaya,Jambangan,-7.3232859,112.7408198,14.304
PKT-000229,H03,GATEWAY J&T CARGO SURABAYA,Surabaya,Wiyung,-7.3051626,112.6819166,9.392
PKT-000230,H03,GATEWAY J&T CARGO SURABAYA,Surabaya,Tambaksari,-7.2668667,112.7601871,12.2
PKT-000231,H03,GATEWAY J&T CARGO SURABAYA,Surabaya,Dukuh Pakis,-7.2587407,112.6887599,5.115
PKT-000232,H03,GATEWAY J&T CARGO SURABAYA,Surabaya,Lakarsantri,-7.3171138,112.6623235,10.364
PKT-000233,H03,GATEWAY J&T CARGO SURABAYA,Surabaya,Wiyung,-7.3245814,112.7083329,12.469
PKT-000234,H03,GATEWAY J&T CARGO SURABAYA,Surabaya,Wonocolo,-7.3061392,112.7274259,11.893
PKT-000235,H03,GATEWAY J&T CARGO SURABAYA,Surabaya,Wonokromo,-7.2960272,112.7381663,11.9
PKT-000236,H03,GATEWAY J&T CARGO SURABAYA,Surabaya,Bulak,-7.2533809,112.8034301,16.331
PKT-000237,H03,GATEWAY J&T CARGO SURABAYA,Surabaya,Mulyorejo,-7.2695318,112.7672712,13.035
PKT-000238,H03,GATEWAY J&T CARGO SURABAYA,Surabaya,Semampir,-7.2164028,112.7523394,10.399
PKT-000239,H03,GATEWAY J&T CARGO SURABAYA,Surabaya,Tandes,-7.2540615,112.6863177,4.548
PKT-000240,H03,GATEWAY J&T CARGO SURABAYA,Surabaya,Tandes,-7.2630357,112.6588563,4.342
PKT-000241,H03,GATEWAY J&T CARGO SURABAYA,Surabaya,Krembangan,-7.2504827,112.7287973,8.308
PKT-000242,H03,GATEWAY J&T CARGO SURABAYA,Surabaya,Bulak,-7.2513407,112.7917065,15.018
PKT-000243,H03,GATEWAY J&T CARGO SURABAYA,Surabaya,Tambaksari,-7.2522868,112.7764987,13.404
PKT-000244,H03,GATEWAY J&T CARGO SURABAYA,Surabaya,Pakal,-7.2375144,112.5984543,6.779
PKT-000245,H03,GATEWAY J&T CARGO SURABAYA,Surabaya,Bulak,-7.2603246,112.7906614,15.141
PKT-000246,H03,GATEWAY J&T CARGO SURABAYA,Surabaya,Lakarsantri,-7.2992933,112.6794623,8.691
PKT-000247,H03,GATEWAY J&T CARGO SURABAYA,Surabaya,Wiyung,-7.3210461,112.6863961,11.226
PKT-000248,H03,GATEWAY J&T CARGO SURABAYA,Surabaya,Pakal,-7.2308134,112.5999712,6.488
PKT-000249,H03,GATEWAY J&T CARGO SURABAYA,Surabaya,Gunung Anyar,-7.3377647,112.7699682,17.651
PKT-000250,H03,GATEWAY J&T CARGO SURABAYA,Surabaya,Krembangan,-7.2358814,112.7337561,8.419
PKT-000251,H03,GATEWAY J&T CARGO SURABAYA,Surabaya,Sambikerep,-7.2913873,112.6475821,7.589
PKT-000252,H03,GATEWAY J&T CARGO SURABAYA,Surabaya,Rungkut,-7.3348472,112.7661021,17.121
PKT-000253,H03,GATEWAY J&T CARGO SURABAYA,Surabaya,Pakal,-7.2250208,112.5975087,6.716
PKT-000254,H03,GATEWAY J&T CARGO SURABAYA,Surabaya,Semampir,-7.224928,112.7530698,10.446
PKT-000255,H03,GATEWAY J&T CARGO SURABAYA,Surabaya,Simokerto,-7.2122198,112.7628314,11.597
PKT-000256,H03,GATEWAY J&T CARGO SURABAYA,Surabaya,Semampir,-7.2110873,112.7544802,10.698
PKT-000257,H03,GATEWAY J&T CARGO SURABAYA,Surabaya,Semampir,-7.1995862,112.7590819,11.436
PKT-000258,H03,GATEWAY J&T CARGO SURABAYA,Surabaya,Sambikerep,-7.2619063,112.6710969,4.444
PKT-000259,H03,GATEWAY J&T CARGO SURABAYA,Surabaya,Simokerto,-7.224,112.7675054,12.038
PKT-000260,H03,GATEWAY J&T CARGO SURABAYA,Surabaya,Kenjeran,-7.235222,112.7592619,11.198
PKT-000261,H03,GATEWAY J&T CARGO SURABAYA,Surabaya,Gayungan,-7.3447117,112.7238193,15.241
PKT-000262,H03,GATEWAY J&T CARGO SURABAYA,Surabaya,Tambaksari,-7.2556945,112.7826166,14.151
PKT-000263,H03,GATEWAY J&T CARGO SURABAYA,Surabaya,Karang Pilang,-7.3391658,112.7183168,14.413
PKT-000264,H03,GATEWAY J&T CARGO SURABAYA,Surabaya,Kenjeran,-7.2166539,112.767207,12.033
PKT-000265,H03,GATEWAY J&T CARGO SURABAYA,Surabaya,Gayungan,-7.3299103,112.7334638,14.398
PKT-000266,H03,GATEWAY J&T CARGO SURABAYA,Surabaya,Pabean Cantian,-7.2088819,112.7371523,8.851
PKT-000267,H03,GATEWAY J&T CARGO SURABAYA,Surabaya,Krembangan,-7.2376202,112.7315817,8.216
PKT-000268,H03,GATEWAY J&T CARGO SURABAYA,Surabaya,Tambaksari,-7.2560249,112.7553046,11.27
PKT-000269,H03,GATEWAY J&T CARGO SURABAYA,Surabaya,Sambikerep,-7.2721557,112.6718921,5.56
PKT-000270,H03,GATEWAY J&T CARGO SURABAYA,Surabaya,Wonocolo,-7.314162,112.7341928,13.056
PKT-000271,H03,GATEWAY J&T CARGO SURABAYA,Surabaya,Mulyorejo,-7.2450687,112.7735301,12.917
PKT-000272,H03,GATEWAY J&T CARGO SURABAYA,Surabaya,Sawahan,-7.2871739,112.7053562,8.73
PKT-000273,H03,GATEWAY J&T CARGO SURABAYA,Surabaya,Asemrowo,-7.2664541,112.7117397,7.546
PKT-000274,H03,GATEWAY J&T CARGO SURABAYA,Surabaya,Sawahan,-7.2638527,112.7241687,8.504
PKT-000275,H03,GATEWAY J&T CARGO SURABAYA,Surabaya,Rungkut,-7.3158089,112.7841764,17.227
PKT-000276,H03,GATEWAY J&T CARGO SURABAYA,Surabaya,Tandes,-7.2753108,112.6561987,5.712
PKT-000277,H03,GATEWAY J&T CARGO SURABAYA,Surabaya,Bubutan,-7.2477034,112.7394732,9.326
PKT-000278,H03,GATEWAY J&T CARGO SURABAYA,Surabaya,Wonocolo,-7.3209847,112.7489521,14.701
PKT-000279,H03,GATEWAY J&T CARGO SURABAYA,Surabaya,Wiyung,-7.3252734,112.687836,11.722
PKT-000280,H03,GATEWAY J&T CARGO SURABAYA,Surabaya,Sukolilo,-7.3208882,112.7649636,15.947
PKT-000281,H03,GATEWAY J&T CARGO SURABAYA,Surabaya,Bulak,-7.2448793,112.8031494,16.138
PKT-000282,H03,GATEWAY J&T CARGO SURABAYA,Surabaya,Sukolilo,-7.2985112,112.7967193,17.364
PKT-000283,H03,GATEWAY J&T CARGO SURABAYA,Surabaya,Jambangan,-7.3496539,112.7001801,14.714
PKT-000284,H03,GATEWAY J&T CARGO SURABAYA,Surabaya,Gayungan,-7.3363784,112.7173999,14.091
PKT-000285,H03,GATEWAY J&T CARGO SURABAYA,Surabaya,Sambikerep,-7.2736886,112.6462893,5.685
PKT-000286,H03,GATEWAY J&T CARGO SURABAYA,Surabaya,Wonokromo,-7.3158446,112.7184142,12.173
PKT-000287,H03,GATEWAY J&T CARGO SURABAYA,Surabaya,Lakarsantri,-7.2936531,112.6612203,7.753
PKT-000288,H03,GATEWAY J&T CARGO SURABAYA,Surabaya,Tegalsari,-7.2808718,112.7348185,10.54
PKT-000289,H03,GATEWAY J&T CARGO SURABAYA,Surabaya,Gunung Anyar,-7.3472571,112.7738152,18.708
PKT-000290,H03,GATEWAY J&T CARGO SURABAYA,Surabaya,Pakal,-7.2291212,112.6003292,6.429
PKT-000291,H03,GATEWAY J&T CARGO SURABAYA,Surabaya,Wonocolo,-7.3342792,112.7381802,15.096
PKT-000292,H03,GATEWAY J&T CARGO SURABAYA,Surabaya,Sukomanunggal,-7.2631669,112.6797492,4.953
PKT-000293,H03,GATEWAY J&T CARGO SURABAYA,Surabaya,Tambaksari,-7.2435187,112.7723359,12.757
PKT-000294,H03,GATEWAY J&T CARGO SURABAYA,Surabaya,Pakal,-7.2239744,112.6063075,5.744
PKT-000295,H03,GATEWAY J&T CARGO SURABAYA,Surabaya,Wonokromo,-7.3004658,112.7392595,12.325
PKT-000296,H03,GATEWAY J&T CARGO SURABAYA,Surabaya,Jambangan,-7.3357232,112.7101158,13.672
PKT-000297,H03,GATEWAY J&T CARGO SURABAYA,Surabaya,Asemrowo,-7.2696015,112.7031483,7.079
PKT-000298,H03,GATEWAY J&T CARGO SURABAYA,Surabaya,Semampir,-7.2282881,112.7375391,8.745
PKT-000299,H03,GATEWAY J&T CARGO SURABAYA,Surabaya,Asemrowo,-7.2540244,112.7112512,6.721
PKT-000300,H03,GATEWAY J&T CARGO SURABAYA,Surabaya,Tandes,-7.2740277,112.6754515,5.874
PKT-000301,H03,GATEWAY J&T CARGO SURABAYA,Surabaya,Pakal,-7.2194396,112.6115333,5.192
PKT-000302,H03,GATEWAY J&T CARGO SURABAYA,Surabaya,Tenggilis Mejoyo,-7.3199042,112.7648855,15.867
PKT-000303,H03,GATEWAY J&T CARGO SURABAYA,Surabaya,Krembangan,-7.226436,112.7322246,8.151
PKT-000304,H03,GATEWAY J&T CARGO SURABAYA,Surabaya,Mulyorejo,-7.2375325,112.7818025,13.698
PKT-000305,H03,GATEWAY J&T CARGO SURABAYA,Surabaya,Tambaksari,-7.2351285,112.7620648,11.505
PKT-000306,H03,GATEWAY J&T CARGO SURABAYA,Surabaya,Rungkut,-7.340763,112.7812907,18.772
PKT-000307,H03,GATEWAY J&T CARGO SURABAYA,Surabaya,Wonokromo,-7.3040768,112.7280377,11.762
PKT-000308,H03,GATEWAY J&T CARGO SURABAYA,Surabaya,Semampir,-7.2056464,112.7505478,10.37
PKT-000309,H03,GATEWAY J&T CARGO SURABAYA,Surabaya,Krembangan,-7.2337021,112.7372289,8.765
PKT-000310,H03,GATEWAY J&T CARGO SURABAYA,Surabaya,Kenjeran,-7.2458942,112.7672889,12.258
PKT-000311,H03,GATEWAY J&T CARGO SURABAYA,Surabaya,Jambangan,-7.3058094,112.721938,11.486
PKT-000312,H03,GATEWAY J&T CARGO SURABAYA,Surabaya,Jambangan,-7.3475752,112.7273234,15.706
PKT-000313,H03,GATEWAY J&T CARGO SURABAYA,Surabaya,Wonokromo,-7.3008112,112.740602,12.459
PKT-000314,H03,GATEWAY J&T CARGO SURABAYA,Surabaya,Bulak,-7.2456547,112.8100506,16.903
PKT-000315,H03,GATEWAY J&T CARGO SURABAYA,Surabaya,Pabean Cantian,-7.2230805,112.7333298,8.269
PKT-000316,H03,GATEWAY J&T CARGO SURABAYA,Surabaya,Krembangan,-7.2488621,112.7322298,8.603
PKT-000317,H03,GATEWAY J&T CARGO SURABAYA,Surabaya,Gayungan,-7.3444569,112.7221425,15.13
PKT-000318,H03,GATEWAY J&T CARGO SURABAYA,Surabaya,Dukuh Pakis,-7.2804127,112.6961806,7.533
PKT-000319,H03,GATEWAY J&T CARGO SURABAYA,Surabaya,Jambangan,-7.3235008,112.7098585,12.437
PKT-000320,H03,GATEWAY J&T CARGO SURABAYA,Surabaya,Bulak,-7.2665122,112.7995199,16.271
PKT-000321,H03,GATEWAY J&T CARGO SURABAYA,Surabaya,Sukomanunggal,-7.2819695,112.7048625,8.238
PKT-000322,H03,GATEWAY J&T CARGO SURABAYA,Surabaya,Tegalsari,-7.2796408,112.7290296,9.951
PKT-000323,H03,GATEWAY J&T CARGO SURABAYA,Surabaya,Simokerto,-7.2251872,112.7571504,10.896
PKT-000324,H03,GATEWAY J&T CARGO SURABAYA,Surabaya,Gubeng,-7.2808729,112.7606005,12.929
PKT-000325,H03,GATEWAY J&T CARGO SURABAYA,Surabaya,Jambangan,-7.337375,112.718601,14.251
PKT-000326,H03,GATEWAY J&T CARGO SURABAYA,Surabaya,Tambaksari,-7.2446145,112.7682498,12.335
PKT-000327,H03,GATEWAY J&T CARGO SURABAYA,Surabaya,Jambangan,-7.3278797,112.7076971,12.769
PKT-000328,H03,GATEWAY J&T CARGO SURABAYA,Surabaya,Semampir,-7.2125246,112.7425803,9.376
PKT-000329,H03,GATEWAY J&T CARGO SURABAYA,Surabaya,Kenjeran,-7.2278179,112.7525818,10.4
PKT-000330,H03,GATEWAY J&T CARGO SURABAYA,Surabaya,Jambangan,-7.3323729,112.7288625,14.342
PKT-000331,H03,GATEWAY J&T CARGO SURABAYA,Surabaya,Krembangan,-7.2458346,112.738222,9.136
PKT-000332,H03,GATEWAY J&T CARGO SURABAYA,Surabaya,Wonocolo,-7.3067218,112.7288351,12.043
PKT-000333,H03,GATEWAY J&T CARGO SURABAYA,Surabaya,Krembangan,-7.2340862,112.7321814,8.218
PKT-000334,H03,GATEWAY J&T CARGO SURABAYA,Surabaya,Sawahan,-7.2731715,112.7078398,7.725
PKT-000335,H03,GATEWAY J&T CARGO SURABAYA,Surabaya,Mulyorejo,-7.2636332,112.7705103,13.131
PKT-000336,H03,GATEWAY J&T CARGO SURABAYA,Surabaya,Pakal,-7.2344946,112.5902119,7.61
PKT-000337,H03,GATEWAY J&T CARGO SURABAYA,Surabaya,Pakal,-7.2525911,112.6148165,5.763
PKT-000338,H03,GATEWAY J&T CARGO SURABAYA,Surabaya,Genteng,-7.2479984,112.7509554,10.555
PKT-000339,H03,GATEWAY J&T CARGO SURABAYA,Surabaya,Sambikerep,-7.2773417,112.6645614,5.972
PKT-000340,H03,GATEWAY J&T CARGO SURABAYA,Surabaya,Rungkut,-7.3217255,112.7932267,18.421
PKT-000341,H03,GATEWAY J&T CARGO SURABAYA,Surabaya,Pabean Cantian,-7.2145642,112.7259649,7.529
PKT-000342,H03,GATEWAY J&T CARGO SURABAYA,Surabaya,Sukolilo,-7.3097122,112.7718978,15.737
PKT-000343,H03,GATEWAY J&T CARGO SURABAYA,Surabaya,Pabean Cantian,-7.2149617,112.7588554,11.129
PKT-000344,H03,GATEWAY J&T CARGO SURABAYA,Surabaya,Rungkut,-7.3203012,112.7977774,18.738
PKT-000345,H03,GATEWAY J&T CARGO SURABAYA,Surabaya,Tambaksari,-7.2511728,112.7692342,12.596
PKT-000346,H03,GATEWAY J&T CARGO SURABAYA,Surabaya,Tenggilis Mejoyo,-7.3297831,112.7600873,16.256
PKT-000347,H03,GATEWAY J&T CARGO SURABAYA,Surabaya,Krembangan,-7.2314728,112.7418345,9.244
PKT-000348,H04,Gateway Mini J&T Surabaya Barat,Surabaya,Gubeng,-7.2873241,112.7845756,10.597
PKT-000349,H04,Gateway Mini J&T Surabaya Barat,Surabaya,Wonocolo,-7.3170363,112.7604333,9.94
PKT-000350,H04,Gateway Mini J&T Surabaya Barat,Surabaya,Asemrowo,-7.2304129,112.7049574,3.251
PKT-000351,H04,Gateway Mini J&T Surabaya Barat,Surabaya,Pakal,-7.2344592,112.6238236,8.083
PKT-000352,H04,Gateway Mini J&T Surabaya Barat,Surabaya,Gubeng,-7.2833797,112.7733863,9.288
PKT-000353,H04,Gateway Mini J&T Surabaya Barat,Surabaya,Benowo,-7.2337317,112.6437098,6.075
PKT-000354,H04,Gateway Mini J&T Surabaya Barat,Surabaya,Wiyung,-7.2881967,112.6890753,3.468
PKT-000355,H04,Gateway Mini J&T Surabaya Barat,Surabaya,Gayungan,-7.3321484,112.7219086,8.897
PKT-000356,H04,Gateway Mini J&T Surabaya Barat,Surabaya,Kenjeran,-7.2225129,112.7462869,7.001
PKT-000357,H04,Gateway Mini J&T Surabaya Barat,Surabaya,Genteng,-7.2629279,112.7696106,8.431
PKT-000358,H04,Gateway Mini J&T Surabaya Barat,Surabaya,Kenjeran,-7.2192015,112.7607018,8.549
PKT-000359,H04,Gateway Mini J&T Surabaya Barat,Surabaya,Asemrowo,-7.2661414,112.692848,0.984
PKT-000360,H04,Gateway Mini J&T Surabaya Barat,Surabaya,Bulak,-7.2390376,112.7774348,9.491
PKT-000361,H04,Gateway Mini J&T Surabaya Barat,Surabaya,Rungkut,-7.3397012,112.7627362,11.935
PKT-000362,H04,Gateway Mini J&T Surabaya Barat,Surabaya,Sawahan,-7.2492919,112.7218077,3.259
PKT-000363,H04,Gateway Mini J&T Surabaya Barat,Surabaya,Sambikerep,-7.2909746,112.6444075,6.573
PKT-000364,H04,Gateway Mini J&T Surabaya Barat,Surabaya,Sukolilo,-7.2920448,112.7736068,9.655
PKT-000365,H04,Gateway Mini J&T Surabaya Barat,Surabaya,Karang Pilang,-7.330794,112.7084949,8.34
PKT-000366,H04,Gateway Mini J&T Surabaya Barat,Surabaya,Krembangan,-7.2304075,112.7233187,4.455
PKT-000367,H04,Gateway Mini J&T Surabaya Barat,Surabaya,Wonokromo,-7.2818362,112.7282909,4.718
PKT-000368,H04,Gateway Mini J&T Surabaya Barat,Surabaya,Wiyung,-7.2874752,112.6733332,4.018
PKT-000369,H04,Gateway Mini J&T Surabaya Barat,Surabaya,Simokerto,-7.2319061,112.735656,5.451
PKT-000370,H04,Gateway Mini J&T Surabaya Barat,Surabaya,Dukuh Pakis,-7.276822,112.6721675,3.192
PKT-000371,H04,Gateway Mini J&T Surabaya Barat,Surabaya,Sukolilo,-7.2814831,112.8029743,12.383
PKT-000372,H04,Gateway Mini J&T Surabaya Barat,Surabaya,Jambangan,-7.3318949,112.6975489,8.307
PKT-000373,H04,Gateway Mini J&T Surabaya Barat,Surabaya,Sukomanunggal,-7.2482058,112.6891135,1.116
PKT-000374,H04,Gateway Mini J&T Surabaya Barat,Surabaya,Gunung Anyar,-7.3287182,112.7745121,11.963
PKT-000375,H04,Gateway Mini J&T Surabaya Barat,Surabaya,Wiyung,-7.3241678,112.684923,7.493
PKT-000376,H04,Gateway Mini J&T Surabaya Barat,Surabaya,Pabean Cantian,-7.2165082,112.7237166,5.637
PKT-000377,H04,Gateway Mini J&T Surabaya Barat,Surabaya,Sukomanunggal,-7.2567033,112.6683513,2.762
PKT-000378,H04,Gateway Mini J&T Surabaya Barat,Surabaya,Pakal,-7.2417009,112.5966998,10.806
PKT-000379,H04,Gateway Mini J&T Surabaya Barat,Surabaya,Kenjeran,-7.2106099,112.7584929,8.862
PKT-000380,H04,Gateway Mini J&T Surabaya Barat,Surabaya,Bubutan,-7.2592822,112.7227389,3.245
PKT-000381,H04,Gateway Mini J&T Surabaya Barat,Surabaya,Sawahan,-7.2578223,112.6936485,0.064
PKT-000382,H04,Gateway Mini J&T Surabaya Barat,Surabaya,Tandes,-7.2607029,112.6638152,3.284
PKT-000383,H04,Gateway Mini J&T Surabaya Barat,Surabaya,Sambikerep,-7.2648719,112.6502486,4.832
PKT-000384,H04,Gateway Mini J&T Surabaya Barat,Surabaya,Semampir,-7.2079461,112.7573775,8.941
PKT-000385,H04,Gateway Mini J&T Surabaya Barat,Surabaya,Krembangan,-7.2299083,112.7409349,6.065
PKT-000386,H04,Gateway Mini J&T Surabaya Barat,Surabaya,Pabean Cantian,-7.199273,112.7272111,7.454
PKT-000387,H04,Gateway Mini J&T Surabaya Barat,Surabaya,Krembangan,-7.255233,112.740622,5.215
PKT-000388,H04,Gateway Mini J&T Surabaya Barat,Surabaya,Rungkut,-7.3093209,112.7697751,10.22
PKT-000389,H04,Gateway Mini J&T Surabaya Barat,Surabaya,Tegalsari,-7.2877233,112.7353573,5.733
PKT-000390,H04,Gateway Mini J&T Surabaya Barat,Surabaya,Simokerto,-7.241981,112.7716547,8.8
PKT-000391,H04,Gateway Mini J&T Surabaya Barat,Surabaya,Asemrowo,-7.280283,112.7151027,3.502
PKT-000392,H04,Gateway Mini J&T Surabaya Barat,Surabaya,Jambangan,-7.3410181,112.732106,10.241
PKT-000393,H04,Gateway Mini J&T Surabaya Barat,Surabaya,Sawahan,-7.2767561,112.7259226,4.19
PKT-000394,H04,Gateway Mini J&T Surabaya Barat,Surabaya,Asemrowo,-7.2253553,112.6993489,3.613
PKT-000395,H04,Gateway Mini J&T Surabaya Barat,Surabaya,Tegalsari,-7.2923296,112.7394233,6.399
PKT-000396,H04,Gateway Mini J&T Surabaya Barat,Surabaya,Sawahan,-7.28926,112.692634,3.554
PKT-000397,H04,Gateway Mini J&T Surabaya Barat,Surabaya,Sambikerep,-7.2722815,112.6450089,5.59
PKT-000398,H04,Gateway Mini J&T Surabaya Barat,Surabaya,Rungkut,-7.3203378,112.7733345,11.264
PKT-000399,H04,Gateway Mini J&T Surabaya Barat,Surabaya,Tegalsari,-7.2749968,112.7265656,4.155
PKT-000400,H04,Gateway Mini J&T Surabaya Barat,Surabaya,Asemrowo,-7.2500686,112.6971377,0.905
PKT-000401,H04,Gateway Mini J&T Surabaya Barat,Surabaya,Gayungan,-7.3169231,112.745875,8.801
PKT-000402,H04,Gateway Mini J&T Surabaya Barat,Surabaya,Benowo,-7.236174,112.6449438,5.838
PKT-000403,H04,Gateway Mini J&T Surabaya Barat,Surabaya,Tenggilis Mejoyo,-7.3124965,112.773394,10.749
PKT-000404,H04,Gateway Mini J&T Surabaya Barat,Surabaya,Benowo,-7.2432694,112.6542607,4.589
PKT-000405,H04,Gateway Mini J&T Surabaya Barat,Surabaya,Tenggilis Mejoyo,-7.3195815,112.7683719,10.787
PKT-000406,H04,Gateway Mini J&T Surabaya Barat,Surabaya,Lakarsantri,-7.3067707,112.6675636,6.194
PKT-000407,H04,Gateway Mini J&T Surabaya Barat,Surabaya,Karang Pilang,-7.3527229,112.6997185,10.633
PKT-000408,H04,Gateway Mini J&T Surabaya Barat,Surabaya,Semampir,-7.2248562,112.7552008,7.714
PKT-000409,H04,Gateway Mini J&T Surabaya Barat,Surabaya,Gubeng,-7.2674828,112.7647094,7.948
PKT-000410,H04,Gateway Mini J&T Surabaya Barat,Surabaya,Simokerto,-7.2528023,112.7413866,5.318
PKT-000411,H04,Gateway Mini J&T Surabaya Barat,Surabaya,Bubutan,-7.2367183,112.7229818,3.987
PKT-000412,H04,Gateway Mini J&T Surabaya Barat,Surabaya,Tambaksari,-7.252949,112.7652963,7.947
PKT-000413,H04,Gateway Mini J&T Surabaya Barat,Surabaya,Semampir,-7.2072471,112.7414761,7.689
PKT-000414,H04,Gateway Mini J&T Surabaya Barat,Surabaya,Pakal,-7.2613201,112.610116,9.196
PKT-000415,H04,Gateway Mini J&T Surabaya Barat,Surabaya,Sukolilo,-7.2925006,112.773098,9.624
PKT-000416,H04,Gateway Mini J&T Surabaya Barat,Surabaya,Rungkut,-7.3135612,112.7848872,11.874
PKT-000417,H04,Gateway Mini J&T Surabaya Barat,Surabaya,Sawahan,-7.285197,112.7072248,3.457
PKT-000418,H04,Gateway Mini J&T Surabaya Barat,Surabaya,Sukomanunggal,-7.2545281,112.692969,0.312
PKT-000419,H04,Gateway Mini J&T Surabaya Barat,Surabaya,Tambaksari,-7.2635331,112.767182,8.169
PKT-000420,H04,Gateway Mini J&T Surabaya Barat,Surabaya,Tenggilis Mejoyo,-7.3272065,112.7359891,9.083
PKT-000421,H04,Gateway Mini J&T Surabaya Barat,Surabaya,Sawahan,-7.2586476,112.7063603,1.439
PKT-000422,H04,Gateway Mini J&T Surabaya Barat,Surabaya,Jambangan,-7.3212616,112.7259256,7.966
PKT-000423,H04,Gateway Mini J&T Surabaya Barat,Surabaya,Mulyorejo,-7.282192,112.7944421,11.485
PKT-000424,H04,Gateway Mini J&T Surabaya Barat,Surabaya,Sukomanunggal,-7.2734458,112.6961083,1.82
PKT-000425,H04,Gateway Mini J&T Surabaya Barat,Surabaya,Karang Pilang,-7.3370419,112.7112417,9.082
PKT-000426,H04,Gateway Mini J&T Surabaya Barat,Surabaya,Simokerto,-7.2234195,112.7757671,9.837
PKT-000427,H04,Gateway Mini J&T Surabaya Barat,Surabaya,Sukolilo,-7.2966706,112.781936,10.703
PKT-000428,H04,Gateway Mini J&T Surabaya Barat,Surabaya,Karang Pilang,-7.3178374,112.7138983,7.101
PKT-000429,H04,Gateway Mini J&T Surabaya Barat,Surabaya,Tenggilis Mejoyo,-7.3175486,112.7610079,10.025
PKT-000430,H04,Gateway Mini J&T Surabaya Barat,Surabaya,Simokerto,-7.2483498,112.7499718,6.32
PKT-000431,H04,Gateway Mini J&T Surabaya Barat,Surabaya,Pakal,-7.2558611,112.6212648,7.957
PKT-000432,H04,Gateway Mini J&T Surabaya Barat,Surabaya,Simokerto,-7.2386076,112.7302507,4.567
PKT-000433,H04,Gateway Mini J&T Surabaya Barat,Surabaya,Bulak,-7.2318305,112.7981991,11.903
PKT-000434,H04,Gateway Mini J&T Surabaya Barat,Surabaya,Tandes,-7.2664212,112.6809573,1.705
PKT-000435,H04,Gateway Mini J&T Surabaya Barat,Surabaya,Asemrowo,-7.2457891,112.7162061,2.824
PKT-000436,H04,Gateway Mini J&T Surabaya Barat,Surabaya,Jambangan,-7.3064632,112.7276353,6.644
PKT-000437,H04,Gateway Mini J&T Surabaya Barat,Surabaya,Gunung Anyar,-7.331509,112.7744599,12.167
PKT-000438,H04,Gateway Mini J&T Surabaya Barat,Surabaya,Mulyorejo,-7.2554205,112.7617828,7.547
PKT-000439,H04,Gateway Mini J&T Surabaya Barat,Surabaya,Gayungan,-7.3252923,112.7108816,7.802
PKT-000440,H04,Gateway Mini J&T Surabaya Barat,Surabaya,Sawahan,-7.2843501,112.7110884,3.585
PKT-000441,H04,Gateway Mini J&T Surabaya Barat,Surabaya,Pabean Cantian,-7.2120276,112.7247422,6.108
PKT-000442,H04,Gateway Mini J&T Surabaya Barat,Surabaya,Lakarsantri,-7.3090757,112.6812103,5.911
PKT-000443,H04,Gateway Mini J&T Surabaya Barat,Surabaya,Bubutan,-7.2469468,112.7346849,4.699
PKT-000444,H04,Gateway Mini J&T Surabaya Barat,Surabaya,Jambangan,-7.313406,112.7268303,7.247
PKT-000445,H04,Gateway Mini J&T Surabaya Barat,Surabaya,Sukolilo,-7.290406,112.7922107,11.505
PKT-000446,H04,Gateway Mini J&T Surabaya Barat,Surabaya,Benowo,-7.2386552,112.6539838,4.816
PKT-000447,H04,Gateway Mini J&T Surabaya Barat,Surabaya,Sukomanunggal,-7.2782887,112.6986462,2.404
PKT-000448,H04,Gateway Mini J&T Surabaya Barat,Surabaya,Gunung Anyar,-7.3425299,112.7778277,13.287
PKT-000449,H04,Gateway Mini J&T Surabaya Barat,Surabaya,Simokerto,-7.2431464,112.7519009,6.644
PKT-000450,H04,Gateway Mini J&T Surabaya Barat,Surabaya,Sambikerep,-7.2633139,112.6699292,2.672
PKT-000451,H04,Gateway Mini J&T Surabaya Barat,Surabaya,Sambikerep,-7.278578,112.645239,5.814
PKT-000452,H04,Gateway Mini J&T Surabaya Barat,Surabaya,Pabean Cantian,-7.2306696,112.7402886,5.961
PKT-000453,H04,Gateway Mini J&T Surabaya Barat,Surabaya,Karang Pilang,-7.3364515,112.7224351,9.366
PKT-000454,H04,Gateway Mini J&T Surabaya Barat,Surabaya,Pakal,-7.2388811,112.6132556,9.073
PKT-000455,H04,Gateway Mini J&T Surabaya Barat,Surabaya,Pabean Cantian,-7.2223261,112.7206515,4.917
PKT-000456,H04,Gateway Mini J&T Surabaya Barat,Surabaya,Pabean Cantian,-7.2194183,112.740651,6.703
PKT-000457,H04,Gateway Mini J&T Surabaya Barat,Surabaya,Kenjeran,-7.214385,112.7712282,9.824
PKT-000458,H04,Gateway Mini J&T Surabaya Barat,Surabaya,Simokerto,-7.237115,112.7601523,7.699
PKT-000459,H04,Gateway Mini J&T Surabaya Barat,Surabaya,Wiyung,-7.3130599,112.6936477,6.2
PKT-000460,H04,Gateway Mini J&T Surabaya Barat,Surabaya,Semampir,-7.2144698,112.744321,7.366
PKT-000461,H04,Gateway Mini J&T Surabaya Barat,Surabaya,Sukomanunggal,-7.277216,112.6917268,2.222
PKT-000462,H04,Gateway Mini J&T Surabaya Barat,Surabaya,Krembangan,-7.2277731,112.7127229,3.916
PKT-000463,H04,Gateway Mini J&T Surabaya Barat,Surabaya,Sukolilo,-7.3162138,112.7909174,12.595
PKT-000464,H04,Gateway Mini J&T Surabaya Barat,Surabaya,Karang Pilang,-7.3073867,112.7060156,5.74
PKT-000465,H04,Gateway Mini J&T Surabaya Barat,Surabaya,Jambangan,-7.3288472,112.7248349,8.678
PKT-000466,H04,Gateway Mini J&T Surabaya Barat,Surabaya,Sukomanunggal,-7.2719891,112.6816088,2.087
PKT-000467,H04,Gateway Mini J&T Surabaya Barat,Surabaya,Pakal,-7.2608999,112.6257555,7.471
PKT-000468,H04,Gateway Mini J&T Surabaya Barat,Surabaya,Lakarsantri,-7.3010328,112.6459675,7.141
PKT-000469,H04,Gateway Mini J&T Surabaya Barat,Surabaya,Tegalsari,-7.2798673,112.724186,4.223
PKT-000470,H04,Gateway Mini J&T Surabaya Barat,Surabaya,Karang Pilang,-7.3287103,112.6956096,7.944
PKT-000471,H04,Gateway Mini J&T Surabaya Barat,Surabaya,Gubeng,-7.2820619,112.7586787,7.71
PKT-000472,H05,JNE Express,Malang,Kedungkandang,-7.9772142,112.6828976,5.223
PKT-000473,H05,JNE Express,Malang,Klojen,-7.9799336,112.6294061,0.993
PKT-000474,H05,JNE Express,Malang,Sukun,-7.9934599,112.6373176,2.231
PKT-000475,H05,JNE Express,Malang,Kedungkandang,-7.9838975,112.6411487,1.31
PKT-000476,H05,JNE Express,Malang,Blimbing,-7.9565345,112.6506963,2.51
PKT-000477,H05,JNE Express,Malang,Blimbing,-7.9539831,112.6501079,2.691
PKT-000478,H05,JNE Express,Malang,Klojen,-7.9652719,112.6480003,1.64
PKT-000479,H05,JNE Express,Malang,Lowokwaru,-7.9578537,112.6137604,2.968
PKT-000480,H05,JNE Express,Malang,Sukun,-8.0256959,112.6266174,5.891
PKT-000481,H05,JNE Express,Malang,Sukun,-8.0142891,112.6462812,4.688
PKT-000482,H05,JNE Express,Malang,Kedungkandang,-7.9782627,112.6663338,3.424
PKT-000483,H05,JNE Express,Malang,Lowokwaru,-7.9573233,112.5948914,4.831
PKT-000484,H05,JNE Express,Malang,Sukun,-7.9873791,112.6230163,2.078
PKT-000485,H05,JNE Express,Malang,Kedungkandang,-7.98398,112.6635073,3.286
PKT-000486,H05,JNE Express,Malang,Kedungkandang,-7.9785323,112.6586253,2.595
PKT-000487,H05,JNE Express,Malang,Klojen,-7.9846319,112.6205119,2.076
PKT-000488,H05,JNE Express,Malang,Lowokwaru,-7.9686144,112.5961889,4.376
PKT-000489,H05,JNE Express,Malang,Klojen,-7.9944659,112.6364613,2.337
PKT-000490,H05,JNE Express,Malang,Blimbing,-7.9628838,112.6561533,2.549
PKT-000491,H05,JNE Express,Malang,Blimbing,-7.9447354,112.6406977,3.244
PKT-000492,H05,JNE Express,Malang,Kedungkandang,-7.9759444,112.6621833,2.938
PKT-000493,H05,JNE Express,Malang,Blimbing,-7.9392882,112.6485875,4.06
PKT-000494,H05,JNE Express,Malang,Lowokwaru,-7.9590384,112.6079129,3.448
PKT-000495,H05,JNE Express,Malang,Kedungkandang,-7.9874923,112.6696212,4.056
PKT-000496,H05,JNE Express,Malang,Lowokwaru,-7.9404511,112.5927866,5.978
PKT-000497,H05,JNE Express,Malang,Klojen,-7.9700578,112.6132781,2.49
PKT-000498,H05,JNE Express,Malang,Klojen,-7.9813671,112.643006,1.197
PKT-000499,H05,JNE Express,Malang,Lowokwaru,-7.9471536,112.6288293,3.02
PKT-000500,H05,JNE Express,Malang,Sukun,-7.993079,112.6105756,3.516
PKT-000501,H05,JNE Express,Malang,Sukun,-8.0139445,112.5956504,6.295
PKT-000502,H05,JNE Express,Malang,Kedungkandang,-7.9630671,112.6590491,2.827
PKT-000503,H05,JNE Express,Malang,Lowokwaru,-7.9304717,112.6237687,4.956
PKT-000504,H05,JNE Express,Malang,Klojen,-7.9783473,112.6404595,0.76
PKT-000505,H05,JNE Express,Malang,Kedungkandang,-7.9740862,112.6465336,1.204
PKT-000506,H05,JNE Express,Malang,Sukun,-7.9859283,112.6279007,1.626
PKT-000507,H05,JNE Express,Malang,Sukun,-8.0076388,112.626707,3.924
PKT-000508,H05,JNE Express,Malang,Blimbing,-7.9468923,112.6408285,3.01
PKT-000509,H05,JNE Express,Malang,Lowokwaru,-7.9376381,112.6185153,4.407
PKT-000510,H05,JNE Express,Malang,Klojen,-7.9887567,112.6290785,1.846
PKT-000511,H05,JNE Express,Malang,Sukun,-7.9901395,112.6206769,2.479
PKT-000512,H05,JNE Express,Malang,Sukun,-7.992715,112.6265766,2.361
PKT-000513,H05,JNE Express,Malang,Blimbing,-7.9495272,112.6605194,3.822
PKT-000514,H05,JNE Express,Malang,Sukun,-7.9979015,112.6115538,3.795
PKT-000515,H05,JNE Express,Malang,Lowokwaru,-7.9324234,112.6133926,5.179
PKT-000516,H05,JNE Express,Malang,Blimbing,-7.9413101,112.6410096,3.625
PKT-000517,H05,JNE Express,Malang,Lowokwaru,-7.9422851,112.6190242,3.92
PKT-000518,H05,JNE Express,Malang,Lowokwaru,-7.9368199,112.6059558,5.223
PKT-000519,H05,JNE Express,Malang,Sukun,-7.9874839,112.6168848,2.586
PKT-000520,H05,JNE Express,Malang,Kedungkandang,-7.9783962,112.6490045,1.572
PKT-000521,H05,JNE Express,Malang,Lowokwaru,-7.9220563,112.6057795,6.594
PKT-000522,H05,JNE Express,Malang,Sukun,-7.9947246,112.6250006,2.637
PKT-000523,H05,JNE Express,Malang,Lowokwaru,-7.9326808,112.5996881,6.019
PKT-000524,H05,JNE Express,Malang,Klojen,-7.9775711,112.6159994,2.208
PKT-000525,H05,JNE Express,Malang,Klojen,-7.9785268,112.6493174,1.61
PKT-000526,H05,JNE Express,Malang,Kedungkandang,-7.9941799,112.667161,4.167
PKT-000527,H05,JNE Express,Malang,Lowokwaru,-7.9215779,112.6244659,5.899
PKT-000528,H05,JNE Express,Malang,Lowokwaru,-7.9229098,112.5922968,7.374
PKT-000529,H05,JNE Express,Malang,Lowokwaru,-7.9300916,112.6149226,5.335
PKT-000530,H05,JNE Express,Malang,Blimbing,-7.9607506,112.6472761,1.91
PKT-000531,H05,JNE Express,Malang,Blimbing,-7.9304562,112.648887,5.001
PKT-000532,H05,JNE Express,Malang,Kedungkandang,-7.9791921,112.6565292,2.389
PKT-000533,H05,JNE Express,Malang,Kedungkandang,-7.9693294,112.6561148,2.303
PKT-000534,H05,JNE Express,Malang,Blimbing,-7.9563706,112.6308362,1.973
PKT-000535,H05,JNE Express,Malang,Sukun,-7.9957,112.618324,3.121
PKT-000536,H05,JNE Express,Malang,Kedungkandang,-7.9794031,112.6692857,3.765
PKT-000537,H05,JNE Express,Malang,Sukun,-8.0060559,112.6171719,4.154
PKT-000538,H05,JNE Express,Malang,Kedungkandang,-7.9803672,112.6687233,3.725
PKT-000539,H05,JNE Express,Malang,Blimbing,-7.9753319,112.6542016,2.056
PKT-000540,H05,JNE Express,Malang,Lowokwaru,-7.9225718,112.6189802,5.949
PKT-000541,H05,JNE Express,Malang,Lowokwaru,-7.9449043,112.6091241,4.313
PKT-000542,H05,JNE Express,Malang,Sukun,-8.0170698,112.6096358,5.63
PKT-000543,H05,JNE Express,Malang,Kedungkandang,-7.9954352,112.6697359,4.481
PKT-000544,H05,JNE Express,Malang,Blimbing,-7.9639142,112.6408231,1.207
PKT-000545,H05,JNE Express,Malang,Klojen,-7.9851392,112.6281483,1.537
PKT-000546,H05,JNE Express,Malang,Sukun,-8.0202503,112.6124997,5.792
PKT-000547,H05,JNE Express,Malang,Sukun,-8.0114413,112.61425,4.834
PKT-000548,H05,JNE Express,Malang,Lowokwaru,-7.9320002,112.6135006,5.215
PKT-000549,H05,JNE Express,Malang,Kedungkandang,-7.980879,112.6648635,3.324
PKT-000550,H05,JNE Express,Malang,Klojen,-7.9848608,112.6456498,1.681
PKT-000551,H05,JNE Express,Malang,Klojen,-7.9716116,112.6107401,2.748
PKT-000552,H05,JNE Express,Malang,Kedungkandang,-7.9735304,112.6709011,3.885
PKT-000553,H05,JNE Express,Malang,Kedungkandang,-7.9780071,112.6559883,2.299
PKT-000554,H05,JNE Express,Malang,Lowokwaru,-7.9298862,112.6087323,5.679
PKT-000555,H05,JNE Express,Malang,Blimbing,-7.9555088,112.6401418,2.058
PKT-000556,H05,JNE Express,Malang,Lowokwaru,-7.9355064,112.6121721,4.948
PKT-000557,H05,JNE Express,Malang,Blimbing,-7.9494183,112.6373327,2.681
PKT-000558,H05,JNE Express,Malang,Kedungkandang,-7.989457,112.6603226,3.249
PKT-000559,H05,JNE Express,Malang,Blimbing,-7.9623471,112.6669575,3.666
PKT-000560,H05,JNE Express,Malang,Klojen,-7.9671872,112.6218786,1.667
PKT-000561,H05,JNE Express,Malang,Klojen,-7.9703534,112.6177517,1.998
PKT-000562,H05,JNE Express,Malang,Lowokwaru,-7.9441984,112.5853573,6.421
PKT-000563,H05,JNE Express,Malang,Lowokwaru,-7.9471513,112.6167771,3.587
PKT-000564,H05,JNE Express,Malang,Lowokwaru,-7.9572214,112.6259448,2.097
PKT-000565,H05,JNE Express,Malang,Kedungkandang,-7.9748686,112.6446989,1.012
PKT-000566,H05,JNE Express,Malang,Klojen,-7.9700495,112.638699,0.509
PKT-000567,H05,JNE Express,Malang,Klojen,-7.9590926,112.6381496,1.623
PKT-000568,H05,JNE Express,Malang,Kedungkandang,-7.9983913,112.6689811,4.602
PKT-000569,H05,JNE Express,Malang,Blimbing,-7.9611303,112.6338868,1.385
PKT-000570,H05,JNE Express,Malang,Klojen,-7.977928,112.6040886,3.508
PKT-000571,H05,JNE Express,Malang,Sukun,-7.991073,112.6180561,2.752
PKT-000572,H05,JNE Express,Malang,Klojen,-7.9593189,112.6374185,1.586
PKT-000573,H05,JNE Express,Malang,Kedungkandang,-8.0002629,112.6611176,4.094
PKT-000574,H05,JNE Express,Malang,Blimbing,-7.9508853,112.6421721,2.613
PKT-000575,H05,JNE Express,Malang,Sukun,-8.0059469,112.6067731,4.81
PKT-000576,H05,JNE Express,Malang,Blimbing,-7.9385548,112.6524793,4.303
PKT-000577,H05,JNE Express,Malang,Kedungkandang,-7.9993675,112.6846809,6.122
PKT-000578,H05,JNE Express,Malang,Klojen,-7.9881286,112.6188832,2.461
PKT-000579,H05,JNE Express,Malang,Kedungkandang,-7.9946185,112.677144,5.142
PKT-000580,H05,JNE Express,Malang,Sukun,-7.993193,112.6267499,2.401
PKT-000581,H05,JNE Express,Malang,Kedungkandang,-7.9860672,112.6555146,2.6
PKT-000582,H05,JNE Express,Malang,Klojen,-7.9667677,112.6310145,0.901
PKT-000583,H05,JNE Express,Malang,Sukun,-8.0118624,112.6280396,4.35
PKT-000584,H05,JNE Express,Malang,Kedungkandang,-7.9779755,112.6445545,1.104
PKT-000585,H05,JNE Express,Malang,Blimbing,-7.9475002,112.6438645,3.027
PKT-000586,H05,JNE Express,Malang,Lowokwaru,-7.941206,112.6164092,4.165
PKT-000587,H05,JNE Express,Malang,Klojen,-7.9981152,112.6372768,2.747
PKT-000588,H05,JNE Express,Malang,Lowokwaru,-7.9217953,112.6099801,6.402
PKT-000589,H05,JNE Express,Malang,Kedungkandang,-7.9899206,112.6466037,2.193
PKT-000590,H05,JNE Express,Malang,Sukun,-8.0242698,112.6116592,6.235
PKT-000591,H06,Gudang JNE,Malang,Blimbing,-7.9533165,112.6305525,2.254
PKT-000592,H06,Gudang JNE,Malang,Klojen,-7.9535169,112.6278385,2.537
PKT-000593,H06,Gudang JNE,Malang,Blimbing,-7.956424,112.6414508,1.54
PKT-000594,H06,Gudang JNE,Malang,Sukun,-8.0122697,112.6123589,8.52
PKT-000595,H06,Gudang JNE,Malang,Sukun,-7.9837813,112.6359941,4.563
PKT-000596,H06,Gudang JNE,Malang,Klojen,-7.9769633,112.6156598,5.132
PKT-000597,H06,Gudang JNE,Malang,Lowokwaru,-7.9411155,112.6062159,4.747
PKT-000598,H06,Gudang JNE,Malang,Kedungkandang,-7.9888473,112.6526753,4.905
PKT-000599,H06,Gudang JNE,Malang,Sukun,-8.0138973,112.6382124,7.769
PKT-000600,H06,Gudang JNE,Malang,Sukun,-8.0051948,112.6124131,7.834
PKT-000601,H06,Gudang JNE,Malang,Blimbing,-7.9805733,112.654734,4.017
PKT-000602,H06,Gudang JNE,Malang,Klojen,-7.9672574,112.6173623,4.296
PKT-000603,H06,Gudang JNE,Malang,Kedungkandang,-7.9755488,112.6716781,4.217
PKT-000604,H06,Gudang JNE,Malang,Blimbing,-7.9729076,112.6671798,3.696
PKT-000605,H06,Gudang JNE,Malang,Kedungkandang,-7.975787,112.6553513,3.505
PKT-000606,H06,Gudang JNE,Malang,Sukun,-8.0029661,112.6344888,6.659
PKT-000607,H06,Gudang JNE,Malang,Sukun,-8.0139915,112.6152559,8.544
PKT-000608,H06,Gudang JNE,Malang,Blimbing,-7.9700442,112.635607,3.172
PKT-000609,H06,Gudang JNE,Malang,Blimbing,-7.9672498,112.6282663,3.389
PKT-000610,H06,Gudang JNE,Malang,Sukun,-8.0143629,112.6409788,7.779
PKT-000611,H06,Gudang JNE,Malang,Klojen,-7.9729037,112.627269,3.94
PKT-000612,H06,Gudang JNE,Malang,Klojen,-7.9551153,112.6233556,3.061
PKT-000613,H06,Gudang JNE,Malang,Kedungkandang,-7.9924647,112.6463635,5.301
PKT-000614,H06,Gudang JNE,Malang,Lowokwaru,-7.9452948,112.6083737,4.492
PKT-000615,H06,Gudang JNE,Malang,Sukun,-8.0076944,112.6467982,6.99
PKT-000616,H06,Gudang JNE,Malang,Lowokwaru,-7.9424701,112.6317384,1.937
PKT-000617,H06,Gudang JNE,Malang,Lowokwaru,-7.9444928,112.6147378,3.791
PKT-000618,H06,Gudang JNE,Malang,Klojen,-7.9675552,112.6400284,2.715
PKT-000619,H06,Gudang JNE,Malang,Lowokwaru,-7.9385962,112.6257902,2.666
PKT-000620,H06,Gudang JNE,Malang,Kedungkandang,-7.9742089,112.6548224,3.321
PKT-000621,H06,Gudang JNE,Malang,Kedungkandang,-7.9747041,112.6617679,3.596
PKT-000622,H06,Gudang JNE,Malang,Kedungkandang,-7.9863551,112.6622049,4.831
PKT-000623,H06,Gudang JNE,Malang,Blimbing,-7.9661386,112.6460307,2.39
PKT-000624,H06,Gudang JNE,Malang,Blimbing,-7.9547126,112.6470267,1.119
PKT-000625,H06,Gudang JNE,Malang,Lowokwaru,-7.9351419,112.6011029,5.402
PKT-000626,H06,Gudang JNE,Malang,Blimbing,-7.9465051,112.6187679,3.352
PKT-000627,H06,Gudang JNE,Malang,Kedungkandang,-7.9782835,112.6691873,4.321
PKT-000628,H06,Gudang JNE,Malang,Sukun,-8.0240082,112.6231837,9.253
PKT-000629,H06,Gudang JNE,Malang,Lowokwaru,-7.9152246,112.6144739,5.046
PKT-000630,H06,Gudang JNE,Malang,Sukun,-8.0088358,112.6204896,7.782
PKT-000631,H06,Gudang JNE,Malang,Sukun,-8.0027281,112.6211975,7.132
PKT-000632,H06,Gudang JNE,Malang,Lowokwaru,-7.9615864,112.5973043,6.005
PKT-000633,H06,Gudang JNE,Malang,Lowokwaru,-7.9434883,112.6118231,4.114
PKT-000634,H06,Gudang JNE,Malang,Klojen,-7.9961711,112.6400486,5.792
PKT-000635,H06,Gudang JNE,Malang,Kedungkandang,-7.9798583,112.651516,3.899
PKT-000636,H06,Gudang JNE,Malang,Lowokwaru,-7.9288795,112.6151354,4.147
PKT-000637,H06,Gudang JNE,Malang,Kedungkandang,-7.9851542,112.6612173,4.672
PKT-000638,H06,Gudang JNE,Malang,Sukun,-8.0145393,112.6227387,8.275
PKT-000639,H06,Gudang JNE,Malang,Sukun,-8.0029506,112.6127928,7.599
PKT-000640,H06,Gudang JNE,Malang,Klojen,-7.9905672,112.642767,5.13
PKT-000641,H06,Gudang JNE,Malang,Kedungkandang,-7.9912742,112.6587314,5.266
PKT-000642,H06,Gudang JNE,Malang,Blimbing,-7.9527064,112.6574376,1.261
PKT-000643,H06,Gudang JNE,Malang,Sukun,-7.9972611,112.6189974,6.706
PKT-000644,H06,Gudang JNE,Malang,Kedungkandang,-7.9761151,112.6492689,3.474
PKT-000645,H06,Gudang JNE,Malang,Blimbing,-7.9681743,112.6352962,3.007
PKT-000646,H06,Gudang JNE,Malang,Kedungkandang,-7.9715124,112.6584133,3.133
PKT-000647,H06,Gudang JNE,Malang,Lowokwaru,-7.9239826,112.6092106,4.975
PKT-000648,H06,Gudang JNE,Malang,Kedungkandang,-7.9924184,112.6549366,5.325
PKT-000649,H06,Gudang JNE,Malang,Sukun,-8.0184729,112.6144279,9.034
PKT-000650,H06,Gudang JNE,Malang,Kedungkandang,-7.9829491,112.6630693,4.503
PKT-000651,H06,Gudang JNE,Malang,Kedungkandang,-7.998912,112.6521624,6.018
PKT-000652,H06,Gudang JNE,Malang,Klojen,-7.9817305,112.6244892,4.917
PKT-000653,H06,Gudang JNE,Malang,Sukun,-8.0169961,112.6093297,9.141
PKT-000654,H06,Gudang JNE,Malang,Sukun,-8.0146234,112.6199272,8.397
PKT-000655,H06,Gudang JNE,Malang,Sukun,-7.9986919,112.6067689,7.59
PKT-000656,H06,Gudang JNE,Malang,Blimbing,-7.9291632,112.6497396,1.748
PKT-000657,H06,Gudang JNE,Malang,Klojen,-7.9695909,112.6416365,2.871
PKT-000658,H06,Gudang JNE,Malang,Lowokwaru,-7.9327419,112.6250546,2.977
PKT-000659,H06,Gudang JNE,Malang,Lowokwaru,-7.9592573,112.6101646,4.582
PKT-000660,H06,Gudang JNE,Malang,Lowokwaru,-7.9298279,112.5965604,6.029
PKT-000661,H06,Gudang JNE,Malang,Klojen,-7.9780682,112.6160746,5.186
PKT-000662,H06,Gudang JNE,Malang,Sukun,-8.0082945,112.6336446,7.256
PKT-000663,H06,Gudang JNE,Malang,Sukun,-8.0214432,112.6388195,8.59
PKT-000664,H06,Gudang JNE,Malang,Lowokwaru,-7.9340254,112.6046882,5.044
PKT-000665,H06,Gudang JNE,Malang,Kedungkandang,-7.9914089,112.6415406,5.242
PKT-000666,H06,Gudang JNE,Malang,Kedungkandang,-7.9867251,112.6578151,4.751
PKT-000667,H06,Gudang JNE,Malang,Blimbing,-7.9588898,112.6538501,1.642
PKT-000668,H06,Gudang JNE,Malang,Kedungkandang,-7.9784032,112.6444694,3.764
PKT-000669,H06,Gudang JNE,Malang,Lowokwaru,-7.9475894,112.6203166,3.19
PKT-000670,H06,Gudang JNE,Malang,Kedungkandang,-7.9844266,112.6776922,5.406
PKT-000671,H06,Gudang JNE,Malang,Sukun,-7.9883238,112.5915032,7.978
PKT-000672,H06,Gudang JNE,Malang,Blimbing,-7.9595278,112.6534848,1.698
PKT-000673,H06,Gudang JNE,Malang,Klojen,-7.9813874,112.6402673,4.177
PKT-000674,H06,Gudang JNE,Malang,Kedungkandang,-7.9809663,112.6545479,4.057
PKT-000675,H06,Gudang JNE,Malang,Sukun,-8.0024483,112.633186,6.639
PKT-000676,H06,Gudang JNE,Malang,Kedungkandang,-7.9702939,112.6751156,4.02
PKT-000677,H06,Gudang JNE,Malang,Sukun,-8.0002015,112.621964,6.842
PKT-000678,H06,Gudang JNE,Malang,Sukun,-7.9991575,112.626652,6.525
PKT-000679,H06,Gudang JNE,Malang,Klojen,-7.9901064,112.6395021,5.141
PKT-000680,H06,Gudang JNE,Malang,Klojen,-7.9768518,112.623965,4.51
PKT-000681,H06,Gudang JNE,Malang,Sukun,-7.9936547,112.6172093,6.465
PKT-000682,H06,Gudang JNE,Malang,Lowokwaru,-7.9508878,112.6114607,4.205
PKT-000683,H06,Gudang JNE,Malang,Kedungkandang,-7.9881277,112.6780514,5.767
PKT-000684,H06,Gudang JNE,Malang,Klojen,-7.9790876,112.6227805,4.787
PKT-000685,H06,Gudang JNE,Malang,Klojen,-7.9679705,112.6259941,3.62
PKT-000686,H06,Gudang JNE,Malang,Blimbing,-7.9541865,112.6427912,1.251
PKT-000687,H06,Gudang JNE,Malang,Lowokwaru,-7.9413772,112.6029927,5.099
PKT-000688,H06,Gudang JNE,Malang,Kedungkandang,-7.979688,112.6616047,4.107
PKT-000689,H06,Gudang JNE,Malang,Sukun,-8.0219373,112.6018653,10.028
PKT-000690,H06,Gudang JNE,Malang,Kedungkandang,-7.9939962,112.6590317,5.57
PKT-000691,H07,JNE Cabang Utama Sidoarjo,Sidoarjo,Waru,-7.3578191,112.7690042,11.728
PKT-000692,H07,JNE Cabang Utama Sidoarjo,Sidoarjo,Gedangan,-7.3988924,112.7446455,6.43
PKT-000693,H07,JNE Cabang Utama Sidoarjo,Sidoarjo,Prambon,-7.4461373,112.5688143,16.111
PKT-000694,H07,JNE Cabang Utama Sidoarjo,Sidoarjo,Sidoarjo,-7.4471546,112.70068,1.579
PKT-000695,H07,JNE Cabang Utama Sidoarjo,Sidoarjo,Krian,-7.3925835,112.6080859,13.327
PKT-000696,H07,JNE Cabang Utama Sidoarjo,Sidoarjo,Taman,-7.3523603,112.6685428,11.864
PKT-000697,H07,JNE Cabang Utama Sidoarjo,Sidoarjo,Candi,-7.471626,112.7054415,2.762
PKT-000698,H07,JNE Cabang Utama Sidoarjo,Sidoarjo,Jabon,-7.5751731,112.7351425,14.246
PKT-000699,H07,JNE Cabang Utama Sidoarjo,Sidoarjo,Balongbendo,-7.4129052,112.5464479,18.996
PKT-000700,H07,JNE Cabang Utama Sidoarjo,Sidoarjo,Prambon,-7.4362316,112.5679154,16.267
PKT-000701,H07,JNE Cabang Utama Sidoarjo,Sidoarjo,Balongbendo,-7.4131259,112.5489248,18.724
PKT-000702,H07,JNE Cabang Utama Sidoarjo,Sidoarjo,Porong,-7.5348037,112.6953885,9.82
PKT-000703,H07,JNE Cabang Utama Sidoarjo,Sidoarjo,Sedati,-7.3621586,112.7788507,11.923
PKT-000704,H07,JNE Cabang Utama Sidoarjo,Sidoarjo,Sedati,-7.3778618,112.7480993,8.679
PKT-000705,H07,JNE Cabang Utama Sidoarjo,Sidoarjo,Sedati,-7.3773083,112.7698848,9.982
PKT-000706,H07,JNE Cabang Utama Sidoarjo,Sidoarjo,Jabon,-7.5607833,112.7330184,12.629
PKT-000707,H07,JNE Cabang Utama Sidoarjo,Sidoarjo,Sukodono,-7.4068266,112.6813801,5.94
PKT-000708,H07,JNE Cabang Utama Sidoarjo,Sidoarjo,Tulangan,-7.4803195,112.6256858,10.45
PKT-000709,H07,JNE Cabang Utama Sidoarjo,Sidoarjo,Krian,-7.4016732,112.5696543,16.847
PKT-000710,H07,JNE Cabang Utama Sidoarjo,Sidoarjo,Candi,-7.4815382,112.7000604,4.009
PKT-000711,H07,JNE Cabang Utama Sidoarjo,Sidoarjo,Sukodono,-7.3807483,112.6810333,8.423
PKT-000712,H07,JNE Cabang Utama Sidoarjo,Sidoarjo,Buduran,-7.4131154,112.7007101,4.249
PKT-000713,H07,JNE Cabang Utama Sidoarjo,Sidoarjo,Krian,-7.4089793,112.5844309,15.048
PKT-000714,H07,JNE Cabang Utama Sidoarjo,Sidoarjo,Sidoarjo,-7.4432784,112.7053621,1.21
PKT-000715,H07,JNE Cabang Utama Sidoarjo,Sidoarjo,Krian,-7.40579,112.5740416,16.248
PKT-000716,H07,JNE Cabang Utama Sidoarjo,Sidoarjo,Waru,-7.3540403,112.7688043,12.081
PKT-000717,H07,JNE Cabang Utama Sidoarjo,Sidoarjo,Jabon,-7.560895,112.7301626,12.595
PKT-000718,H07,JNE Cabang Utama Sidoarjo,Sidoarjo,Buduran,-7.4414536,112.7167347,0.823
PKT-000719,H07,JNE Cabang Utama Sidoarjo,Sidoarjo,Sedati,-7.3737031,112.7520761,9.285
PKT-000720,H07,JNE Cabang Utama Sidoarjo,Sidoarjo,Balongbendo,-7.4127297,112.5223663,21.603
PKT-000721,H07,JNE Cabang Utama Sidoarjo,Sidoarjo,Buduran,-7.4412624,112.7315249,2.006
PKT-000722,H07,JNE Cabang Utama Sidoarjo,Sidoarjo,Wonoayu,-7.4188055,112.6504729,7.842
PKT-000723,H07,JNE Cabang Utama Sidoarjo,Sidoarjo,Candi,-7.4541798,112.701206,1.633
PKT-000724,H07,JNE Cabang Utama Sidoarjo,Sidoarjo,Sedati,-7.3885889,112.7746553,9.379
PKT-000725,H07,JNE Cabang Utama Sidoarjo,Sidoarjo,Tanggulangin,-7.519853,112.7268009,8.027
PKT-000726,H07,JNE Cabang Utama Sidoarjo,Sidoarjo,Tarik,-7.441638,112.4977645,23.956
PKT-000727,H07,JNE Cabang Utama Sidoarjo,Sidoarjo,Taman,-7.3324597,112.6957653,13.09
PKT-000728,H07,JNE Cabang Utama Sidoarjo,Sidoarjo,Wonoayu,-7.4305527,112.6688191,5.466
PKT-000729,H07,JNE Cabang Utama Sidoarjo,Sidoarjo,Gedangan,-7.3833597,112.7411272,7.813
PKT-000730,H07,JNE Cabang Utama Sidoarjo,Sidoarjo,Waru,-7.3403106,112.7504272,12.666
PKT-000731,H07,JNE Cabang Utama Sidoarjo,Sidoarjo,Sedati,-7.3898996,112.7680562,8.774
PKT-000732,H07,JNE Cabang Utama Sidoarjo,Sidoarjo,Tanggulangin,-7.5238347,112.7048222,8.435
PKT-000733,H07,JNE Cabang Utama Sidoarjo,Sidoarjo,Porong,-7.5468299,112.6948149,11.141
PKT-000734,H07,JNE Cabang Utama Sidoarjo,Sidoarjo,Krian,-7.385607,112.5801391,16.431
PKT-000735,H07,JNE Cabang Utama Sidoarjo,Sidoarjo,Gedangan,-7.3728198,112.7314383,8.625
PKT-000736,H07,JNE Cabang Utama Sidoarjo,Sidoarjo,Balongbendo,-7.4120678,112.542225,19.471
PKT-000737,H07,JNE Cabang Utama Sidoarjo,Sidoarjo,Buduran,-7.4416359,112.7288976,1.727
PKT-000738,H07,JNE Cabang Utama Sidoarjo,Sidoarjo,Buduran,-7.4250125,112.7266316,2.927
PKT-000739,H07,JNE Cabang Utama Sidoarjo,Sidoarjo,Tarik,-7.4582528,112.524713,20.998
PKT-000740,H07,JNE Cabang Utama Sidoarjo,Sidoarjo,Buduran,-7.4225367,112.7491981,4.765
PKT-000741,H07,JNE Cabang Utama Sidoarjo,Sidoarjo,Sidoarjo,-7.4688116,112.7059558,2.451
PKT-000742,H07,JNE Cabang Utama Sidoarjo,Sidoarjo,Sidoarjo,-7.4490301,112.7394321,2.703
PKT-000743,H07,JNE Cabang Utama Sidoarjo,Sidoarjo,Waru,-7.3485162,112.7772568,13.084
PKT-000744,H07,JNE Cabang Utama Sidoarjo,Sidoarjo,Buduran,-7.4398192,112.7175919,1.024
PKT-000745,H07,JNE Cabang Utama Sidoarjo,Sidoarjo,Krembung,-7.5174422,112.6138191,13.519
PKT-000746,H07,JNE Cabang Utama Sidoarjo,Sidoarjo,Tulangan,-7.4709938,112.6500031,7.577
PKT-000747,H07,JNE Cabang Utama Sidoarjo,Sidoarjo,Taman,-7.3566267,112.6710314,11.318
PKT-000748,H07,JNE Cabang Utama Sidoarjo,Sidoarjo,Tanggulangin,-7.5107557,112.7146145,6.907
PKT-000749,H07,JNE Cabang Utama Sidoarjo,Sidoarjo,Krembung,-7.5083864,112.6093291,13.404
PKT-000750,H07,JNE Cabang Utama Sidoarjo,Sidoarjo,Porong,-7.5459929,112.710682,10.836
PKT-000751,H07,JNE Cabang Utama Sidoarjo,Sidoarjo,Tarik,-7.4461105,112.50878,22.73
PKT-000752,H07,JNE Cabang Utama Sidoarjo,Sidoarjo,Tanggulangin,-7.5083461,112.7069672,6.697
PKT-000753,H07,JNE Cabang Utama Sidoarjo,Sidoarjo,Porong,-7.5405659,112.7036825,10.297
PKT-000754,H07,JNE Cabang Utama Sidoarjo,Sidoarjo,Candi,-7.4473252,112.6916478,2.57
PKT-000755,H07,JNE Cabang Utama Sidoarjo,Sidoarjo,Candi,-7.4888435,112.6974458,4.868
PKT-000756,H07,JNE Cabang Utama Sidoarjo,Sidoarjo,Buduran,-7.4271576,112.7405972,3.704
PKT-000757,H07,JNE Cabang Utama Sidoarjo,Sidoarjo,Buduran,-7.4198283,112.7176676,3.218
PKT-000758,H07,JNE Cabang Utama Sidoarjo,Sidoarjo,Wonoayu,-7.4444883,112.6593781,6.141
PKT-000759,H07,JNE Cabang Utama Sidoarjo,Sidoarjo,Sidoarjo,-7.4594086,112.7397966,2.993
PKT-000760,H07,JNE Cabang Utama Sidoarjo,Sidoarjo,Krian,-7.3753342,112.5758024,17.371
PKT-000761,H07,JNE Cabang Utama Sidoarjo,Sidoarjo,Gedangan,-7.390061,112.7082323,6.555
PKT-000762,H07,JNE Cabang Utama Sidoarjo,Sidoarjo,Porong,-7.5463575,112.6758267,11.69
PKT-000763,H07,JNE Cabang Utama Sidoarjo,Sidoarjo,Taman,-7.3461334,112.6735014,12.279
PKT-000764,H07,JNE Cabang Utama Sidoarjo,Sidoarjo,Sedati,-7.3823244,112.7736457,9.813
PKT-000765,H07,JNE Cabang Utama Sidoarjo,Sidoarjo,Sukodono,-7.3980296,112.6842587,6.565
PKT-000766,H07,JNE Cabang Utama Sidoarjo,Sidoarjo,Tulangan,-7.5019176,112.6513598,9.176
PKT-000767,H07,JNE Cabang Utama Sidoarjo,Sidoarjo,Tulangan,-7.4805414,112.6365393,9.341
PKT-000768,H07,JNE Cabang Utama Sidoarjo,Sidoarjo,Krian,-7.4113168,112.5962278,13.729
PKT-000769,H07,JNE Cabang Utama Sidoarjo,Sidoarjo,Porong,-7.5403532,112.6910129,10.533
PKT-000770,H07,JNE Cabang Utama Sidoarjo,Sidoarjo,Wonoayu,-7.4320061,112.6453129,7.894
PKT-000771,H07,JNE Cabang Utama Sidoarjo,Sidoarjo,Tanggulangin,-7.5046326,112.7166664,6.229
PKT-000772,H07,JNE Cabang Utama Sidoarjo,Sidoarjo,Porong,-7.5563839,112.7084222,12.002
PKT-000773,H07,JNE Cabang Utama Sidoarjo,Sidoarjo,Tulangan,-7.5079567,112.6380278,10.741
PKT-000774,H07,JNE Cabang Utama Sidoarjo,Sidoarjo,Sidoarjo,-7.4519986,112.7372812,2.494
PKT-000775,H07,JNE Cabang Utama Sidoarjo,Sidoarjo,Tulangan,-7.499746,112.6515227,9.008
PKT-000776,H07,JNE Cabang Utama Sidoarjo,Sidoarjo,Sukodono,-7.3849789,112.6903117,7.581
PKT-000777,H07,JNE Cabang Utama Sidoarjo,Sidoarjo,Tulangan,-7.4713979,112.6694837,5.612
PKT-000778,H07,JNE Cabang Utama Sidoarjo,Sidoarjo,Buduran,-7.4472622,112.719717,0.551
PKT-000779,H07,JNE Cabang Utama Sidoarjo,Sidoarjo,Candi,-7.4509919,112.6964572,2.052
PKT-000780,H07,JNE Cabang Utama Sidoarjo,Sidoarjo,Balongbendo,-7.431517,112.5496814,18.318
PKT-000781,H07,JNE Cabang Utama Sidoarjo,Sidoarjo,Porong,-7.5341368,112.6959321,9.735
PKT-000782,H07,JNE Cabang Utama Sidoarjo,Sidoarjo,Krian,-7.4143028,112.5869807,14.614
PKT-000783,H07,JNE Cabang Utama Sidoarjo,Sidoarjo,Tulangan,-7.4824181,112.6450947,8.566
PKT-000784,H07,JNE Cabang Utama Sidoarjo,Sidoarjo,Wonoayu,-7.4478521,112.6509084,7.058
PKT-000785,H07,JNE Cabang Utama Sidoarjo,Sidoarjo,Waru,-7.3528298,112.7531016,11.455
PKT-000786,H07,JNE Cabang Utama Sidoarjo,Sidoarjo,Sedati,-7.3504106,112.7660521,12.292
PKT-000787,H07,JNE Cabang Utama Sidoarjo,Sidoarjo,Tanggulangin,-7.4935856,112.6849503,5.992
PKT-000788,H08,J&T Express DC_SDA,Sidoarjo,Gedangan,-7.3982712,112.7266252,3.866
PKT-000789,H08,J&T Express DC_SDA,Sidoarjo,Waru,-7.3504743,112.7784809,4.545
PKT-000790,H08,J&T Express DC_SDA,Sidoarjo,Taman,-7.3328585,112.6952809,9.308
PKT-000791,H08,J&T Express DC_SDA,Sidoarjo,Tarik,-7.4563716,112.5341821,26.044
PKT-000792,H08,J&T Express DC_SDA,Sidoarjo,Candi,-7.480531,112.683214,13.403
PKT-000793,H08,J&T Express DC_SDA,Sidoarjo,Buduran,-7.4156092,112.7294655,4.621
PKT-000794,H08,J&T Express DC_SDA,Sidoarjo,Wonoayu,-7.4626163,112.6540056,14.382
PKT-000795,H08,J&T Express DC_SDA,Sidoarjo,Krembung,-7.4891123,112.6339653,17.932
PKT-000796,H08,J&T Express DC_SDA,Sidoarjo,Sidoarjo,-7.4721836,112.7060812,11.179
PKT-000797,H08,J&T Express DC_SDA,Sidoarjo,Gedangan,-7.3689419,112.7117447,5.657
PKT-000798,H08,J&T Express DC_SDA,Sidoarjo,Porong,-7.5345777,112.7161582,17.111
PKT-000799,H08,J&T Express DC_SDA,Sidoarjo,Tulangan,-7.4848079,112.6733766,14.465
PKT-000800,H08,J&T Express DC_SDA,Sidoarjo,Prambon,-7.4335888,112.5617929,22.437
PKT-000801,H08,J&T Express DC_SDA,Sidoarjo,Buduran,-7.4153247,112.7438232,3.617
PKT-000802,H08,J&T Express DC_SDA,Sidoarjo,Balongbendo,-7.3972021,112.5340821,24.911
PKT-000803,H08,J&T Express DC_SDA,Sidoarjo,Taman,-7.3500083,112.6767962,10.025
PKT-000804,H08,J&T Express DC_SDA,Sidoarjo,Porong,-7.5610554,112.6838124,21.099
PKT-000805,H08,J&T Express DC_SDA,Sidoarjo,Wonoayu,-7.4557961,112.6687086,12.628
PKT-000806,H08,J&T Express DC_SDA,Sidoarjo,Jabon,-7.5434932,112.7138126,18.135
PKT-000807,H08,J&T Express DC_SDA,Sidoarjo,Candi,-7.4555198,112.7065437,9.626
PKT-000808,H08,J&T Express DC_SDA,Sidoarjo,Candi,-7.4781735,112.719348,11.085
PKT-000809,H08,J&T Express DC_SDA,Sidoarjo,Taman,-7.3487029,112.6790569,9.859
PKT-000810,H08,J&T Express DC_SDA,Sidoarjo,Prambon,-7.4430689,112.5581558,23.09
PKT-000811,H08,J&T Express DC_SDA,Sidoarjo,Porong,-7.5574343,112.7152068,19.59
PKT-000812,H08,J&T Express DC_SDA,Sidoarjo,Tanggulangin,-7.4963542,112.7235763,12.809
PKT-000813,H08,J&T Express DC_SDA,Sidoarjo,Taman,-7.3449549,112.6894718,9.044
PKT-000814,H08,J&T Express DC_SDA,Sidoarjo,Porong,-7.54135,112.6883963,18.891
PKT-000815,H08,J&T Express DC_SDA,Sidoarjo,Jabon,-7.562945,112.7453601,19.641
PKT-000816,H08,J&T Express DC_SDA,Sidoarjo,Jabon,-7.5486648,112.7209861,18.49
PKT-000817,H08,J&T Express DC_SDA,Sidoarjo,Gedangan,-7.3661543,112.7432879,2.934
PKT-000818,H08,J&T Express DC_SDA,Sidoarjo,Tarik,-7.4649741,112.5237081,27.436
PKT-000819,H08,J&T Express DC_SDA,Sidoarjo,Jabon,-7.5373884,112.7377673,16.91
PKT-000820,H08,J&T Express DC_SDA,Sidoarjo,Wonoayu,-7.4574288,112.6474214,14.66
PKT-000821,H08,J&T Express DC_SDA,Sidoarjo,Balongbendo,-7.399735,112.5458278,23.632
PKT-000822,H08,J&T Express DC_SDA,Sidoarjo,Sidoarjo,-7.4497885,112.7140349,8.621
PKT-000823,H08,J&T Express DC_SDA,Sidoarjo,Tanggulangin,-7.506217,112.7124048,14.259
PKT-000824,H08,J&T Express DC_SDA,Sidoarjo,Wonoayu,-7.4525604,112.6483514,14.29
PKT-000825,H08,J&T Express DC_SDA,Sidoarjo,Taman,-7.3544246,112.6892409,8.572
PKT-000826,H08,J&T Express DC_SDA,Sidoarjo,Prambon,-7.449981,112.5709434,21.969
PKT-000827,H08,J&T Express DC_SDA,Sidoarjo,Tanggulangin,-7.5040698,112.719005,13.783
PKT-000828,H08,J&T Express DC_SDA,Sidoarjo,Candi,-7.4854568,112.7240403,11.646
PKT-000829,H08,J&T Express DC_SDA,Sidoarjo,Tulangan,-7.4877151,112.6425415,17.109
PKT-000830,H08,J&T Express DC_SDA,Sidoarjo,Gedangan,-7.3887768,112.728992,3.398
PKT-000831,H08,J&T Express DC_SDA,Sidoarjo,Taman,-7.3669648,112.6953345,7.44
PKT-000832,H08,J&T Express DC_SDA,Sidoarjo,Sidoarjo,-7.4625613,112.7200222,9.486
PKT-000833,H08,J&T Express DC_SDA,Sidoarjo,Jabon,-7.5529631,112.7464642,18.525
PKT-000834,H08,J&T Express DC_SDA,Sidoarjo,Krian,-7.4102511,112.5883591,19.077
PKT-000835,H08,J&T Express DC_SDA,Sidoarjo,Taman,-7.3493809,112.6791795,9.815
PKT-000836,H08,J&T Express DC_SDA,Sidoarjo,Tulangan,-7.4612693,112.6427251,15.326
PKT-000837,H08,J&T Express DC_SDA,Sidoarjo,Sidoarjo,-7.4663487,112.7306707,9.399
PKT-000838,H08,J&T Express DC_SDA,Sidoarjo,Taman,-7.3768797,112.7015702,6.511
PKT-000839,H08,J&T Express DC_SDA,Sidoarjo,Krian,-7.4152991,112.5792909,20.148
PKT-000840,H08,J&T Express DC_SDA,Sidoarjo,Wonoayu,-7.4275295,112.6546834,12.435
PKT-000841,H08,J&T Express DC_SDA,Sidoarjo,Krian,-7.4119918,112.5910764,18.807
PKT-000842,H08,J&T Express DC_SDA,Sidoarjo,Candi,-7.4586037,112.6833145,11.603
PKT-000843,H08,J&T Express DC_SDA,Sidoarjo,Tanggulangin,-7.5054475,112.7034853,14.57
PKT-000844,H08,J&T Express DC_SDA,Sidoarjo,Sedati,-7.3708776,112.7809769,2.941
PKT-000845,H08,J&T Express DC_SDA,Sidoarjo,Tanggulangin,-7.5013482,112.7047143,14.1
PKT-000846,H08,J&T Express DC_SDA,Sidoarjo,Tulangan,-7.4938824,112.6396657,17.8
PKT-000847,H08,J&T Express DC_SDA,Sidoarjo,Tanggulangin,-7.5224043,112.7035518,16.293
PKT-000848,H08,J&T Express DC_SDA,Sidoarjo,Sukodono,-7.4004714,112.6533279,11.832
PKT-000849,H08,J&T Express DC_SDA,Sidoarjo,Candi,-7.4605282,112.7080082,9.98
PKT-000850,H08,J&T Express DC_SDA,Sidoarjo,Sukodono,-7.3859669,112.6879104,7.922
PKT-000851,H08,J&T Express DC_SDA,Sidoarjo,Taman,-7.3486307,112.6788998,9.878
PKT-000852,H08,J&T Express DC_SDA,Sidoarjo,Tanggulangin,-7.498267,112.7125082,13.436
PKT-000853,H08,J&T Express DC_SDA,Sidoarjo,Porong,-7.5543705,112.6921849,20.058
PKT-000854,H08,J&T Express DC_SDA,Sidoarjo,Porong,-7.5512329,112.6970609,19.538
PKT-000855,H08,J&T Express DC_SDA,Sidoarjo,Waru,-7.3600515,112.7685307,3.137
PKT-000856,H08,J&T Express DC_SDA,Sidoarjo,Candi,-7.4466106,112.7210179,7.896
PKT-000857,H08,J&T Express DC_SDA,Sidoarjo,Jabon,-7.5542199,112.7400473,18.733
PKT-000858,H08,J&T Express DC_SDA,Sidoarjo,Krian,-7.4137326,112.5859491,19.396
PKT-000859,H08,J&T Express DC_SDA,Sidoarjo,Gedangan,-7.4064204,112.734851,3.501
PKT-000860,H08,J&T Express DC_SDA,Sidoarjo,Sidoarjo,-7.4477675,112.7168958,8.256
PKT-000861,H08,J&T Express DC_SDA,Sidoarjo,Gedangan,-7.3790477,112.7294866,3.449
PKT-000862,H08,J&T Express DC_SDA,Sidoarjo,Gedangan,-7.3927781,112.7216298,4.254
PKT-000863,H08,J&T Express DC_SDA,Sidoarjo,Porong,-7.5550018,112.6916425,20.145
PKT-000864,H08,J&T Express DC_SDA,Sidoarjo,Sidoarjo,-7.4784749,112.7045273,11.865
PKT-000865,H08,J&T Express DC_SDA,Sidoarjo,Porong,-7.5353569,112.677276,18.848
PKT-000866,H08,J&T Express DC_SDA,Sidoarjo,Krembung,-7.5166674,112.6129872,21.681
PKT-000867,H08,J&T Express DC_SDA,Sidoarjo,Balongbendo,-7.4142448,112.5135137,27.322
PKT-000868,H08,J&T Express DC_SDA,Sidoarjo,Tarik,-7.4687839,112.5101104,28.993
PKT-000869,H08,J&T Express DC_SDA,Sidoarjo,Krian,-7.3976237,112.6063109,16.962
PKT-000870,H08,J&T Express DC_SDA,Sidoarjo,Candi,-7.4859323,112.6925017,13.277
PKT-000871,H08,J&T Express DC_SDA,Sidoarjo,Wonoayu,-7.4421243,112.6611396,12.488
PKT-000872,H08,J&T Express DC_SDA,Sidoarjo,Tarik,-7.4458884,112.5280314,26.379
PKT-000873,H08,J&T Express DC_SDA,Sidoarjo,Tulangan,-7.4977606,112.6439471,17.749
PKT-000874,H08,J&T Express DC_SDA,Sidoarjo,Taman,-7.3708347,112.6710072,9.947
PKT-000875,H08,J&T Express DC_SDA,Sidoarjo,Sukodono,-7.4018087,112.6843267,8.481
PKT-000876,H08,J&T Express DC_SDA,Sidoarjo,Krembung,-7.5016102,112.6056942,21.242
PKT-000877,H08,J&T Express DC_SDA,Sidoarjo,Sedati,-7.3580929,112.7560425,3.228
PKT-000878,H08,J&T Express DC_SDA,Sidoarjo,Jabon,-7.5513444,112.7392658,18.426
PKT-000879,H08,J&T Express DC_SDA,Sidoarjo,Gedangan,-7.3823212,112.7444891,1.757
PKT-000880,H08,J&T Express DC_SDA,Sidoarjo,Waru,-7.3623668,112.7776947,3.369
PKT-000881,H09,J&T Express DC_WARU,Sidoarjo,Tanggulangin,-7.4959284,112.724583,15.165
PKT-000882,H09,J&T Express DC_WARU,Sidoarjo,Krembung,-7.5215379,112.6180457,22.021
PKT-000883,H09,J&T Express DC_WARU,Sidoarjo,Jabon,-7.5393389,112.7521295,20.069
PKT-000884,H09,J&T Express DC_WARU,Sidoarjo,Buduran,-7.4059817,112.7013958,6.225
PKT-000885,H09,J&T Express DC_WARU,Sidoarjo,Tulangan,-7.4672158,112.663234,14.225
PKT-000886,H09,J&T Express DC_WARU,Sidoarjo,Wonoayu,-7.4598196,112.6510179,14.353
PKT-000887,H09,J&T Express DC_WARU,Sidoarjo,Tulangan,-7.5006333,112.65826,17.711
PKT-000888,H09,J&T Express DC_WARU,Sidoarjo,Tulangan,-7.4737811,112.660057,15.028
PKT-000889,H09,J&T Express DC_WARU,Sidoarjo,Porong,-7.5426911,112.7022559,20.621
PKT-000890,H09,J&T Express DC_WARU,Sidoarjo,Wonoayu,-7.4510468,112.6714032,12.228
PKT-000891,H09,J&T Express DC_WARU,Sidoarjo,Tulangan,-7.4867557,112.6450859,17.143
PKT-000892,H09,J&T Express DC_WARU,Sidoarjo,Gedangan,-7.3913204,112.7426059,3.649
PKT-000893,H09,J&T Express DC_WARU,Sidoarjo,Sukodono,-7.4130717,112.6687105,9.265
PKT-000894,H09,J&T Express DC_WARU,Sidoarjo,Tarik,-7.4414179,112.5298137,24.206
PKT-000895,H09,J&T Express DC_WARU,Sidoarjo,Porong,-7.5505437,112.6965277,21.592
PKT-000896,H09,J&T Express DC_WARU,Sidoarjo,Candi,-7.4659863,112.6938144,12.584
PKT-000897,H09,J&T Express DC_WARU,Sidoarjo,Sukodono,-7.3837312,112.661493,8.356
PKT-000898,H09,J&T Express DC_WARU,Sidoarjo,Tanggulangin,-7.4992336,112.7147655,15.637
PKT-000899,H09,J&T Express DC_WARU,Sidoarjo,Krian,-7.3947538,112.5677576,18.666
PKT-000900,H09,J&T Express DC_WARU,Sidoarjo,Sukodono,-7.409524,112.6706834,8.847
PKT-000901,H09,J&T Express DC_WARU,Sidoarjo,Krembung,-7.5169136,112.6391143,20.323
PKT-000902,H09,J&T Express DC_WARU,Sidoarjo,Sedati,-7.3976735,112.7509108,4.635
PKT-000903,H09,J&T Express DC_WARU,Sidoarjo,Waru,-7.3327182,112.7658492,4.685
PKT-000904,H09,J&T Express DC_WARU,Sidoarjo,Gedangan,-7.3768322,112.7427179,2.157
PKT-000905,H09,J&T Express DC_WARU,Sidoarjo,Tanggulangin,-7.4983709,112.7046433,15.728
PKT-000906,H09,J&T Express DC_WARU,Sidoarjo,Jabon,-7.5479635,112.7498162,21.0
PKT-000907,H09,J&T Express DC_WARU,Sidoarjo,Porong,-7.5389699,112.6754946,20.916
PKT-000908,H09,J&T Express DC_WARU,Sidoarjo,Tulangan,-7.4709062,112.6598437,14.773
PKT-000909,H09,J&T Express DC_WARU,Sidoarjo,Tanggulangin,-7.5057495,112.7124905,16.389
PKT-000910,H09,J&T Express DC_WARU,Sidoarjo,Candi,-7.4833425,112.7136022,13.906
PKT-000911,H09,J&T Express DC_WARU,Sidoarjo,Sukodono,-7.407068,112.6777077,8.076
PKT-000912,H09,J&T Express DC_WARU,Sidoarjo,Balongbendo,-7.3968985,112.5210908,23.764
PKT-000913,H09,J&T Express DC_WARU,Sidoarjo,Candi,-7.4689177,112.6894131,13.062
PKT-000914,H09,J&T Express DC_WARU,Sidoarjo,Sukodono,-7.3817814,112.6569105,8.773
PKT-000915,H09,J&T Express DC_WARU,Sidoarjo,Taman,-7.3564241,112.693312,4.429
PKT-000916,H09,J&T Express DC_WARU,Sidoarjo,Krian,-7.4133263,112.5877359,17.121
PKT-000917,H09,J&T Express DC_WARU,Sidoarjo,Sedati,-7.3797967,112.7769078,5.295
PKT-000918,H09,J&T Express DC_WARU,Sidoarjo,Tulangan,-7.4753765,112.6226179,17.723
PKT-000919,H09,J&T Express DC_WARU,Sidoarjo,Buduran,-7.4093791,112.727794,5.545
PKT-000920,H09,J&T Express DC_WARU,Sidoarjo,Tarik,-7.4322306,112.5192785,24.938
PKT-000921,H09,J&T Express DC_WARU,Sidoarjo,Krembung,-7.5091562,112.6228227,20.596
PKT-000922,H09,J&T Express DC_WARU,Sidoarjo,Tanggulangin,-7.4971843,112.7263845,15.294
PKT-000923,H09,J&T Express DC_WARU,Sidoarjo,Jabon,-7.5406722,112.7245072,20.134
PKT-000924,H09,J&T Express DC_WARU,Sidoarjo,Prambon,-7.4365277,112.5769221,19.24
PKT-000925,H09,J&T Express DC_WARU,Sidoarjo,Candi,-7.4849291,112.7207398,13.981
PKT-000926,H09,J&T Express DC_WARU,Sidoarjo,Krembung,-7.4931991,112.6279448,18.841
PKT-000927,H09,J&T Express DC_WARU,Sidoarjo,Porong,-7.5448606,112.695356,20.997
PKT-000928,H09,J&T Express DC_WARU,Sidoarjo,Gedangan,-7.3763457,112.7280513,1.928
PKT-000929,H09,J&T Express DC_WARU,Sidoarjo,Jabon,-7.5597934,112.7233268,22.264
PKT-000930,H09,J&T Express DC_WARU,Sidoarjo,Tarik,-7.4410254,112.5175684,25.447
PKT-000931,H09,J&T Express DC_WARU,Sidoarjo,Gedangan,-7.3774411,112.7270425,2.078
PKT-000932,H09,J&T Express DC_WARU,Sidoarjo,Jabon,-7.5563635,112.732431,21.855
PKT-000933,H09,J&T Express DC_WARU,Sidoarjo,Candi,-7.4680239,112.6969286,12.684
PKT-000934,H09,J&T Express DC_WARU,Sidoarjo,Sidoarjo,-7.4576481,112.7227807,10.94
PKT-000935,H09,J&T Express DC_WARU,Sidoarjo,Taman,-7.3560384,112.6616051,7.92
PKT-000936,H09,J&T Express DC_WARU,Sidoarjo,Jabon,-7.5590914,112.717485,22.227
PKT-000937,H09,J&T Express DC_WARU,Sidoarjo,Candi,-7.4688674,112.7020713,12.606
PKT-000938,H09,J&T Express DC_WARU,Sidoarjo,Krembung,-7.5261931,112.629598,21.75
PKT-000939,H09,J&T Express DC_WARU,Sidoarjo,Jabon,-7.5338051,112.7233826,19.378
PKT-000940,H09,J&T Express DC_WARU,Sidoarjo,Tarik,-7.4558798,112.5126436,26.575
PKT-000941,H09,J&T Express DC_WARU,Sidoarjo,Gedangan,-7.3858492,112.732612,2.896
PKT-000942,H09,J&T Express DC_WARU,Sidoarjo,Taman,-7.3663043,112.6911077,4.711
PKT-000943,H09,J&T Express DC_WARU,Sidoarjo,Jabon,-7.5477666,112.7481882,20.963
PKT-000944,H09,J&T Express DC_WARU,Sidoarjo,Porong,-7.5552075,112.6878896,22.296
PKT-000945,H09,J&T Express DC_WARU,Sidoarjo,Sedati,-7.3684913,112.7459975,1.698
PKT-000946,H09,J&T Express DC_WARU,Sidoarjo,Sedati,-7.3673159,112.7791989,5.127
PKT-000947,H09,J&T Express DC_WARU,Sidoarjo,Krian,-7.4031228,112.5775342,17.842
PKT-000948,H09,J&T Express DC_WARU,Sidoarjo,Buduran,-7.4207422,112.7026341,7.573
PKT-000949,H09,J&T Express DC_WARU,Sidoarjo,Porong,-7.5459623,112.693325,21.163
PKT-000950,H09,J&T Express DC_WARU,Sidoarjo,Tulangan,-7.4841995,112.6434123,17.017
PKT-000951,H09,J&T Express DC_WARU,Sidoarjo,Balongbendo,-7.3851158,112.5355769,21.987
PKT-000952,H09,J&T Express DC_WARU,Sidoarjo,Jabon,-7.5649601,112.7459369,22.853
PKT-000953,H09,J&T Express DC_WARU,Sidoarjo,Tanggulangin,-7.5142379,112.7225548,17.212
PKT-000954,H09,J&T Express DC_WARU,Sidoarjo,Tulangan,-7.4620196,112.6411571,15.246
PKT-000955,H09,J&T Express DC_WARU,Sidoarjo,Balongbendo,-7.4139892,112.5368128,22.491
PKT-000956,H09,J&T Express DC_WARU,Sidoarjo,Krian,-7.3989823,112.5884206,16.562
PKT-000957,H09,J&T Express DC_WARU,Sidoarjo,Taman,-7.3753846,112.6803998,6.088
PKT-000958,H09,J&T Express DC_WARU,Sidoarjo,Waru,-7.3489887,112.7551777,2.694
PKT-000959,H09,J&T Express DC_WARU,Sidoarjo,Taman,-7.3462953,112.6883177,5.186
PKT-000960,H09,J&T Express DC_WARU,Sidoarjo,Jabon,-7.5497332,112.7412403,21.136
PKT-000961,H09,J&T Express DC_WARU,Sidoarjo,Waru,-7.3444724,112.776143,5.021
PKT-000962,H09,J&T Express DC_WARU,Sidoarjo,Candi,-7.4720046,112.7141061,12.653
PKT-000963,H09,J&T Express DC_WARU,Sidoarjo,Porong,-7.5355891,112.6949201,19.998
PKT-000964,H09,J&T Express DC_WARU,Sidoarjo,Tanggulangin,-7.490437,112.7199917,14.598
PKT-000965,H09,J&T Express DC_WARU,Sidoarjo,Buduran,-7.4321428,112.7411389,8.088
PKT-000966,H09,J&T Express DC_WARU,Sidoarjo,Krembung,-7.4953165,112.6352695,18.545
PKT-000967,H09,J&T Express DC_WARU,Sidoarjo,Balongbendo,-7.3973979,112.5627954,19.264
PKT-000968,H09,J&T Express DC_WARU,Sidoarjo,Waru,-7.371958,112.7651014,3.755
PKT-000969,H09,J&T Express DC_WARU,Sidoarjo,Prambon,-7.4427093,112.5760795,19.637
PKT-000970,H09,J&T Express DC_WARU,Sidoarjo,Prambon,-7.4463788,112.56489,20.919
PKT-000971,H09,J&T Express DC_WARU,Sidoarjo,Balongbendo,-7.4186393,112.5485729,21.397
PKT-000972,H09,J&T Express DC_WARU,Sidoarjo,Waru,-7.3332891,112.7747269,5.436
PKT-000973,H09,J&T Express DC_WARU,Sidoarjo,Candi,-7.4813679,112.702705,13.931
PKT-000974,H09,J&T Express DC_WARU,Sidoarjo,Buduran,-7.4402797,112.7231282,9.017
PKT-000975,H09,J&T Express DC_WARU,Sidoarjo,Sukodono,-7.3829624,112.6908255,5.347
PKT-000976,H09,J&T Express DC_WARU,Sidoarjo,Gedangan,-7.387787,112.7418727,3.25
PKT-000977,H09,J&T Express DC_WARU,Sidoarjo,Buduran,-7.4239668,112.7216543,7.248
PKT-000978,H09,J&T Express DC_WARU,Sidoarjo,Buduran,-7.4364575,112.7251333,8.57
PKT-000979,H09,J&T Express DC_WARU,Sidoarjo,Jabon,-7.5351562,112.7582417,19.689
PKT-000980,H09,J&T Express DC_WARU,Sidoarjo,Buduran,-7.4496509,112.7145853,10.2
PKT-000981,H09,J&T Express DC_WARU,Sidoarjo,Tanggulangin,-7.5010535,112.7179783,15.796
PKT-000982,H09,J&T Express DC_WARU,Sidoarjo,Sidoarjo,-7.451626,112.7201377,10.312
PKT-000983,H09,J&T Express DC_WARU,Sidoarjo,Sukodono,-7.3812451,112.6858909,5.748
PKT-000984,H09,J&T Express DC_WARU,Sidoarjo,Buduran,-7.4160429,112.7423013,6.33
PKT-000985,H09,J&T Express DC_WARU,Sidoarjo,Buduran,-7.4208857,112.7218245,6.908
PKT-000986,H09,J&T Express DC_WARU,Sidoarjo,Tarik,-7.4456119,112.5013704,27.298
PKT-000987,H09,J&T Express DC_WARU,Sidoarjo,Sedati,-7.3786771,112.77695,5.248
PKT-000988,H09,J&T Express DC_WARU,Sidoarjo,Balongbendo,-7.4189328,112.5450105,21.781
PKT-000989,H09,J&T Express DC_WARU,Sidoarjo,Sedati,-7.3723095,112.7549744,2.762
PKT-000990,H09,J&T Express DC_WARU,Sidoarjo,Sukodono,-7.4055141,112.6663998,8.96
PKT-000991,H09,J&T Express DC_WARU,Sidoarjo,Krian,-7.4046097,112.5726696,18.403
PKT-000992,H09,J&T Express DC_WARU,Sidoarjo,Porong,-7.5243357,112.7153189,18.401
PKT-000993,H09,J&T Express DC_WARU,Sidoarjo,Balongbendo,-7.4111723,112.5486361,21.151
PKT-000994,H09,J&T Express DC_WARU,Sidoarjo,Balongbendo,-7.4117203,112.5376438,22.337
PKT-000995,H09,J&T Express DC_WARU,Sidoarjo,Taman,-7.3479152,112.6656635,7.578
PKT-000996,H09,J&T Express DC_WARU,Sidoarjo,Gedangan,-7.4158211,112.7424514,6.308
PKT-000997,H09,J&T Express DC_WARU,Sidoarjo,Jabon,-7.5492359,112.7261893,21.077
PKT-000998,H09,J&T Express DC_WARU,Sidoarjo,Porong,-7.5289047,112.6845583,19.555
PKT-000999,H09,J&T Express DC_WARU,Sidoarjo,Sukodono,-7.4128448,112.6789258,8.411
PKT-001000,H09,J&T Express DC_WARU,Sidoarjo,Gedangan,-7.4063445,112.727388,5.215
PKT-001001,H09,J&T Express DC_WARU,Sidoarjo,Taman,-7.3453915,112.6879978,5.25
PKT-001002,H09,J&T Express DC_WARU,Sidoarjo,Tanggulangin,-7.505705,112.7038789,16.544
PKT-001003,H09,J&T Express DC_WARU,Sidoarjo,Sedati,-7.3724411,112.7739522,4.695
PKT-001004,H09,J&T Express DC_WARU,Sidoarjo,Taman,-7.364734,112.6628009,7.796
PKT-001005,H09,J&T Express DC_WARU,Sidoarjo,Sidoarjo,-7.4591677,112.7179499,11.177
PKT-001006,H09,J&T Express DC_WARU,Sidoarjo,Krian,-7.3898141,112.6026314,14.793
PKT-001007,H09,J&T Express DC_WARU,Sidoarjo,Gedangan,-7.3857461,112.7338069,2.884
PKT-001008,H09,J&T Express DC_WARU,Sidoarjo,Tarik,-7.4613845,112.5220066,25.894
PKT-001009,H09,J&T Express DC_WARU,Sidoarjo,Sukodono,-7.3862671,112.6721103,7.363
PKT-001010,H10,J&T Express Surabaya Kidul SUB94,Surabaya,Tambaksari,-7.2516763,112.7735411,9.088
PKT-001011,H10,J&T Express Surabaya Kidul SUB94,Surabaya,Lakarsantri,-7.3026512,112.6520838,7.509
PKT-001012,H10,J&T Express Surabaya Kidul SUB94,Surabaya,Wonocolo,-7.3181232,112.7344943,1.76
PKT-001013,H10,J&T Express Surabaya Kidul SUB94,Surabaya,Tegalsari,-7.2716364,112.7293203,4.753
PKT-001014,H10,J&T Express Surabaya Kidul SUB94,Surabaya,Wonocolo,-7.3168994,112.7487261,3.268
PKT-001015,H10,J&T Express Surabaya Kidul SUB94,Surabaya,Wonokromo,-7.2913152,112.7427665,3.552
PKT-001016,H10,J&T Express Surabaya Kidul SUB94,Surabaya,Tegalsari,-7.2728175,112.7343777,4.789
PKT-001017,H10,J&T Express Surabaya Kidul SUB94,Surabaya,Sukomanunggal,-7.2598059,112.6815815,7.253
PKT-001018,H10,J&T Express Surabaya Kidul SUB94,Surabaya,Krembangan,-7.2383718,112.7442985,8.766
PKT-001019,H10,J&T Express Surabaya Kidul SUB94,Surabaya,Tenggilis Mejoyo,-7.3187464,112.7522209,3.68
PKT-001020,H10,J&T Express Surabaya Kidul SUB94,Surabaya,Sambikerep,-7.259422,112.669627,8.113
PKT-001021,H10,J&T Express Surabaya Kidul SUB94,Surabaya,Gunung Anyar,-7.3493633,112.7426326,4.771
PKT-001022,H10,J&T Express Surabaya Kidul SUB94,Surabaya,Sukolilo,-7.3087061,112.7747328,6.131
PKT-001023,H10,J&T Express Surabaya Kidul SUB94,Surabaya,Tegalsari,-7.2703136,112.7506109,5.888
PKT-001024,H10,J&T Express Surabaya Kidul SUB94,Surabaya,Tenggilis Mejoyo,-7.3028278,112.7764795,6.409
PKT-001025,H10,J&T Express Surabaya Kidul SUB94,Surabaya,Tegalsari,-7.2735902,112.7289389,4.532
PKT-001026,H10,J&T Express Surabaya Kidul SUB94,Surabaya,Simokerto,-7.2455404,112.7556771,8.527
PKT-001027,H10,J&T Express Surabaya Kidul SUB94,Surabaya,Gubeng,-7.2953887,112.7635961,5.27
PKT-001028,H10,J&T Express Surabaya Kidul SUB94,Surabaya,Semampir,-7.196879,112.7549245,13.519
PKT-001029,H10,J&T Express Surabaya Kidul SUB94,Surabaya,Lakarsantri,-7.3217396,112.6819027,4.235
PKT-001030,H10,J&T Express Surabaya Kidul SUB94,Surabaya,Wiyung,-7.3161353,112.7118587,0.885
PKT-001031,H10,J&T Express Surabaya Kidul SUB94,Surabaya,Sambikerep,-7.2865175,112.6428542,8.942
PKT-001032,H10,J&T Express Surabaya Kidul SUB94,Surabaya,Sawahan,-7.2726842,112.7283674,4.616
PKT-001033,H10,J&T Express Surabaya Kidul SUB94,Surabaya,Krembangan,-7.243359,112.7318529,7.89
PKT-001034,H10,J&T Express Surabaya Kidul SUB94,Surabaya,Sukomanunggal,-7.2638396,112.6994204,5.913
PKT-001035,H10,J&T Express Surabaya Kidul SUB94,Surabaya,Genteng,-7.255608,112.7405467,6.82
PKT-001036,H10,J&T Express Surabaya Kidul SUB94,Surabaya,Tenggilis Mejoyo,-7.3226054,112.7573536,4.322
PKT-001037,H10,J&T Express Surabaya Kidul SUB94,Surabaya,Sukomanunggal,-7.2667224,112.6825751,6.569
PKT-001038,H10,J&T Express Surabaya Kidul SUB94,Surabaya,Krembangan,-7.2362734,112.7205902,8.557
PKT-001039,H10,J&T Express Surabaya Kidul SUB94,Surabaya,Gubeng,-7.2898311,112.7557132,4.782
PKT-001040,H10,J&T Express Surabaya Kidul SUB94,Surabaya,Lakarsantri,-7.2906019,112.6640503,6.595
PKT-001041,H10,J&T Express Surabaya Kidul SUB94,Surabaya,Benowo,-7.2346006,112.633642,12.874
PKT-001042,H10,J&T Express Surabaya Kidul SUB94,Surabaya,Sambikerep,-7.2695205,112.641165,9.896
PKT-001043,H10,J&T Express Surabaya Kidul SUB94,Surabaya,Gunung Anyar,-7.3333045,112.7672922,5.742
PKT-001044,H10,J&T Express Surabaya Kidul SUB94,Surabaya,Pabean Cantian,-7.2156477,112.7474134,11.283
PKT-001045,H10,J&T Express Surabaya Kidul SUB94,Surabaya,Tenggilis Mejoyo,-7.3169184,112.756003,4.066
PKT-001046,H10,J&T Express Surabaya Kidul SUB94,Surabaya,Simokerto,-7.2343187,112.7763159,10.793
PKT-001047,H10,J&T Express Surabaya Kidul SUB94,Surabaya,Tenggilis Mejoyo,-7.3413035,112.7757543,6.963
PKT-001048,H10,J&T Express Surabaya Kidul SUB94,Surabaya,Jambangan,-7.3200916,112.7210067,0.787
PKT-001049,H10,J&T Express Surabaya Kidul SUB94,Surabaya,Dukuh Pakis,-7.2749561,112.667555,7.121
PKT-001050,H10,J&T Express Surabaya Kidul SUB94,Surabaya,Bubutan,-7.2615749,112.7235973,5.762
PKT-001051,H10,J&T Express Surabaya Kidul SUB94,Surabaya,Gunung Anyar,-7.3243418,112.7632663,5.002
PKT-001052,H10,J&T Express Surabaya Kidul SUB94,Surabaya,Gubeng,-7.2570857,112.7487446,7.035
PKT-001053,H10,J&T Express Surabaya Kidul SUB94,Surabaya,Tenggilis Mejoyo,-7.3103318,112.748706,3.256
PKT-001054,H10,J&T Express Surabaya Kidul SUB94,Surabaya,Tandes,-7.2557822,112.6714663,8.286
PKT-001055,H10,J&T Express Surabaya Kidul SUB94,Surabaya,Sambikerep,-7.2733898,112.6617955,7.738
PKT-001056,H10,J&T Express Surabaya Kidul SUB94,Surabaya,Wonokromo,-7.3111358,112.7412204,2.426
PKT-001057,H10,J&T Express Surabaya Kidul SUB94,Surabaya,Kenjeran,-7.2199814,112.7744795,12.02
PKT-001058,H10,J&T Express Surabaya Kidul SUB94,Surabaya,Wonocolo,-7.3077385,112.7567254,4.17
PKT-001059,H10,J&T Express Surabaya Kidul SUB94,Surabaya,Jambangan,-7.3251597,112.7155492,1.392
PKT-001060,H10,J&T Express Surabaya Kidul SUB94,Surabaya,Gubeng,-7.2800368,112.7496435,4.979
PKT-001061,H10,J&T Express Surabaya Kidul SUB94,Surabaya,Pakal,-7.2224361,112.5893314,17.535
PKT-001062,H10,J&T Express Surabaya Kidul SUB94,Surabaya,Simokerto,-7.2222278,112.7620353,11.16
PKT-001063,H10,J&T Express Surabaya Kidul SUB94,Surabaya,Pabean Cantian,-7.220735,112.7362093,10.451
PKT-001064,H10,J&T Express Surabaya Kidul SUB94,Surabaya,Tandes,-7.2586402,112.6560042,9.252
PKT-001065,H10,J&T Express Surabaya Kidul SUB94,Surabaya,Sawahan,-7.2528729,112.7125502,6.751
PKT-001066,H10,J&T Express Surabaya Kidul SUB94,Surabaya,Lakarsantri,-7.3101826,112.6468783,7.997
PKT-001067,H10,J&T Express Surabaya Kidul SUB94,Surabaya,Genteng,-7.2396265,112.7401189,8.498
PKT-001068,H10,J&T Express Surabaya Kidul SUB94,Surabaya,Mulyorejo,-7.2742601,112.764432,6.597
PKT-001069,H10,J&T Express Surabaya Kidul SUB94,Surabaya,Sukomanunggal,-7.2751746,112.7103043,4.345
PKT-001070,H10,J&T Express Surabaya Kidul SUB94,Surabaya,Rungkut,-7.3218572,112.7817346,6.95
PKT-001071,H10,J&T Express Surabaya Kidul SUB94,Surabaya,Wonocolo,-7.305948,112.7339679,1.806
PKT-001072,H10,J&T Express Surabaya Kidul SUB94,Surabaya,Gayungan,-7.3290905,112.724985,1.872
PKT-001073,H10,J&T Express Surabaya Kidul SUB94,Surabaya,Kenjeran,-7.2306954,112.7880176,11.9
PKT-001074,H10,J&T Express Surabaya Kidul SUB94,Surabaya,Kenjeran,-7.2190909,112.7834883,12.634
PKT-001075,H10,J&T Express Surabaya Kidul SUB94,Surabaya,Bubutan,-7.2567548,112.7338372,6.479
PKT-001076,H10,J&T Express Surabaya Kidul SUB94,Surabaya,Sukolilo,-7.2888027,112.800552,9.361
PKT-001077,H10,J&T Express Surabaya Kidul SUB94,Surabaya,Sukolilo,-7.2932374,112.7634541,5.35
PKT-001078,H10,J&T Express Surabaya Kidul SUB94,Surabaya,Bulak,-7.2313327,112.7867507,11.756
PKT-001079,H10,J&T Express Surabaya Kidul SUB94,Surabaya,Wiyung,-7.3070954,112.7053978,1.68
PKT-001080,H10,J&T Express Surabaya Kidul SUB94,Surabaya,Gunung Anyar,-7.338847,112.773798,6.649
PKT-001081,H10,J&T Express Surabaya Kidul SUB94,Surabaya,Benowo,-7.2387227,112.6498592,11.284
PKT-001082,H10,J&T Express Surabaya Kidul SUB94,Surabaya,Karang Pilang,-7.3097234,112.6981775,2.365
PKT-001083,H10,J&T Express Surabaya Kidul SUB94,Surabaya,Semampir,-7.2063088,112.7442305,12.201
PKT-001084,H10,J&T Express Surabaya Kidul SUB94,Surabaya,Sukomanunggal,-7.2581665,112.7014626,6.431
PKT-001085,H10,J&T Express Surabaya Kidul SUB94,Surabaya,Jambangan,-7.3414694,112.7039856,3.568
PKT-001086,H10,J&T Express Surabaya Kidul SUB94,Surabaya,Mulyorejo,-7.2609886,112.7869979,9.457
PKT-001087,H10,J&T Express Surabaya Kidul SUB94,Surabaya,Jambangan,-7.321753,112.7138251,1.127
PKT-001088,H10,J&T Express Surabaya Kidul SUB94,Surabaya,Wiyung,-7.3072188,112.6864941,3.682
PKT-001089,H10,J&T Express Surabaya Kidul SUB94,Surabaya,Lakarsantri,-7.3008955,112.6569473,7.015
PKT-001090,H10,J&T Express Surabaya Kidul SUB94,Surabaya,Sukolilo,-7.324773,112.7719084,5.94
PKT-001091,H10,J&T Express Surabaya Kidul SUB94,Surabaya,Sukolilo,-7.2865032,112.7678099,6.117
PKT-001092,H10,J&T Express Surabaya Kidul SUB94,Surabaya,Karang Pilang,-7.3270243,112.7003958,2.592
PKT-001093,H10,J&T Express Surabaya Kidul SUB94,Surabaya,Genteng,-7.2617574,112.7506389,6.684
PKT-001094,H10,J&T Express Surabaya Kidul SUB94,Surabaya,Dukuh Pakis,-7.2791257,112.6919864,4.844
PKT-001095,H10,J&T Express Surabaya Kidul SUB94,Surabaya,Wonocolo,-7.3421903,112.7287361,3.385
PKT-001096,H10,J&T Express Surabaya Kidul SUB94,Surabaya,Krembangan,-7.2392959,112.7407187,8.552
PKT-001097,H10,J&T Express Surabaya Kidul SUB94,Surabaya,Mulyorejo,-7.2537399,112.7897343,10.2
PKT-001098,H10,J&T Express Surabaya Kidul SUB94,Surabaya,Krembangan,-7.2347651,112.725447,8.749
PKT-001099,H10,J&T Express Surabaya Kidul SUB94,Surabaya,Gunung Anyar,-7.3335985,112.7682935,5.857
PKT-001100,H10,J&T Express Surabaya Kidul SUB94,Surabaya,Tegalsari,-7.2840827,112.7209834,3.245
PKT-001101,H10,J&T Express Surabaya Kidul SUB94,Surabaya,Asemrowo,-7.2468206,112.7096367,7.46
PKT-001102,H10,J&T Express Surabaya Kidul SUB94,Surabaya,Sawahan,-7.2705669,112.72142,4.748
PKT-001103,H10,J&T Express Surabaya Kidul SUB94,Surabaya,Jambangan,-7.308703,112.72703,0.987
PKT-001104,H10,J&T Express Surabaya Kidul SUB94,Surabaya,Semampir,-7.2315203,112.7528224,9.807
PKT-001105,H10,J&T Express Surabaya Kidul SUB94,Surabaya,Sukolilo,-7.3081143,112.7701695,5.636
PKT-001106,H10,J&T Express Surabaya Kidul SUB94,Surabaya,Gunung Anyar,-7.3301535,112.7607214,4.939
PKT-001107,H10,J&T Express Surabaya Kidul SUB94,Surabaya,Tambaksari,-7.2390042,112.7711235,10.037
PKT-001108,H10,J&T Express Surabaya Kidul SUB94,Surabaya,Wiyung,-7.3102297,112.6970849,2.475
PKT-001109,H10,J&T Express Surabaya Kidul SUB94,Surabaya,Sambikerep,-7.2637606,112.6683544,7.864
PKT-001110,H10,J&T Express Surabaya Kidul SUB94,Surabaya,Pakal,-7.2264555,112.6140803,15.094
PKT-001111,H10,J&T Express Surabaya Kidul SUB94,Surabaya,Krembangan,-7.255263,112.7413701,6.888
PKT-001112,H10,J&T Express Surabaya Kidul SUB94,Surabaya,Mulyorejo,-7.2845702,112.7756094,6.977
PKT-001113,H10,J&T Express Surabaya Kidul SUB94,Surabaya,Tegalsari,-7.3058577,112.7302284,1.454
PKT-001114,H10,J&T Express Surabaya Kidul SUB94,Surabaya,Pabean Cantian,-7.2075434,112.7229803,11.757
PKT-001115,H10,J&T Express Surabaya Kidul SUB94,Surabaya,Genteng,-7.2573098,112.7589495,7.599
PKT-001116,H10,J&T Express Surabaya Kidul SUB94,Surabaya,Sukomanunggal,-7.2537369,112.6827688,7.746
PKT-001117,H10,J&T Express Surabaya Kidul SUB94,Surabaya,Wonokromo,-7.3134556,112.7336186,1.577
PKT-001118,H10,J&T Express Surabaya Kidul SUB94,Surabaya,Gubeng,-7.285386,112.7411744,3.922
PKT-001119,H10,J&T Express Surabaya Kidul SUB94,Surabaya,Pakal,-7.2235411,112.6045095,16.119
PKT-001120,H10,J&T Express Surabaya Kidul SUB94,Surabaya,Simokerto,-7.207456,112.7508554,12.263
PKT-001121,H10,J&T Express Surabaya Kidul SUB94,Surabaya,Tenggilis Mejoyo,-7.3191482,112.7612416,4.67
PKT-001122,H10,J&T Express Surabaya Kidul SUB94,Surabaya,Sukolilo,-7.2883388,112.7783126,7.07
PKT-001123,H10,J&T Express Surabaya Kidul SUB94,Surabaya,Tegalsari,-7.2912318,112.7185525,2.446
PKT-001124,H10,J&T Express Surabaya Kidul SUB94,Surabaya,Wiyung,-7.3196168,112.7050585,1.727
PKT-001125,H10,J&T Express Surabaya Kidul SUB94,Surabaya,Tenggilis Mejoyo,-7.3097721,112.7627566,4.805
PKT-001126,H10,J&T Express Surabaya Kidul SUB94,Surabaya,Sukomanunggal,-7.2907823,112.6860032,4.442
PKT-001127,H10,J&T Express Surabaya Kidul SUB94,Surabaya,Wonokromo,-7.3237165,112.7459847,3.164
PKT-001128,H10,J&T Express Surabaya Kidul SUB94,Surabaya,Tenggilis Mejoyo,-7.3251447,112.743071,2.936
PKT-001129,H11,Pergudangan JNE,Sidoarjo,Gedangan,-7.3953741,112.7313751,0.711
PKT-001130,H11,Pergudangan JNE,Sidoarjo,Gedangan,-7.376258,112.7210778,2.867
PKT-001131,H11,Pergudangan JNE,Sidoarjo,Gedangan,-7.3844322,112.7048795,3.176
PKT-001132,H11,Pergudangan JNE,Sidoarjo,Sukodono,-7.387458,112.6674788,6.878
PKT-001133,H11,Pergudangan JNE,Sidoarjo,Tulangan,-7.4932151,112.6410311,14.063
PKT-001134,H11,Pergudangan JNE,Sidoarjo,Krembung,-7.5097924,112.6291479,16.306
PKT-001135,H11,Pergudangan JNE,Sidoarjo,Taman,-7.3350563,112.6870519,8.632
PKT-001136,H11,Pergudangan JNE,Sidoarjo,Sidoarjo,-7.4523575,112.7119508,5.988
PKT-001137,H11,Pergudangan JNE,Sidoarjo,Tulangan,-7.459346,112.6348771,12.176
PKT-001138,H11,Pergudangan JNE,Sidoarjo,Balongbendo,-7.4232366,112.5556509,19.201
PKT-001139,H11,Pergudangan JNE,Sidoarjo,Sedati,-7.37432,112.7771824,6.15
PKT-001140,H11,Pergudangan JNE,Sidoarjo,Gedangan,-7.3813771,112.7265033,2.193
PKT-001141,H11,Pergudangan JNE,Sidoarjo,Sedati,-7.3592316,112.7616785,5.925
PKT-001142,H11,Pergudangan JNE,Sidoarjo,Sidoarjo,-7.4524782,112.7275763,5.723
PKT-001143,H11,Pergudangan JNE,Sidoarjo,Candi,-7.464299,112.7098718,7.325
PKT-001144,H11,Pergudangan JNE,Sidoarjo,Tanggulangin,-7.5035885,112.6893406,12.189
PKT-001145,H11,Pergudangan JNE,Sidoarjo,Sukodono,-7.3879784,112.6610966,7.555
PKT-001146,H11,Pergudangan JNE,Sidoarjo,Krembung,-7.4918809,112.6300886,14.813
PKT-001147,H11,Pergudangan JNE,Sidoarjo,Taman,-7.3438649,112.6983939,7.161
PKT-001148,H11,Pergudangan JNE,Sidoarjo,Balongbendo,-7.4013085,112.5591557,18.655
PKT-001149,H11,Pergudangan JNE,Sidoarjo,Krian,-7.3983787,112.579768,16.385
PKT-001150,H11,Pergudangan JNE,Sidoarjo,Tarik,-7.4485401,112.5199869,23.573
PKT-001151,H11,Pergudangan JNE,Sidoarjo,Krian,-7.4062638,112.6090755,13.163
PKT-001152,H11,Pergudangan JNE,Sidoarjo,Waru,-7.3714643,112.7835533,6.919
PKT-001153,H11,Pergudangan JNE,Sidoarjo,Balongbendo,-7.4116371,112.5514615,19.539
PKT-001154,H11,Pergudangan JNE,Sidoarjo,Tarik,-7.4486519,112.537899,21.656
PKT-001155,H11,Pergudangan JNE,Sidoarjo,Wonoayu,-7.4502431,112.6571881,9.566
PKT-001156,H11,Pergudangan JNE,Sidoarjo,Prambon,-7.4458674,112.5527634,19.991
PKT-001157,H11,Pergudangan JNE,Sidoarjo,Sedati,-7.3680558,112.7643784,5.407
PKT-001158,H11,Pergudangan JNE,Sidoarjo,Krian,-7.3924494,112.5740949,17.034
PKT-001159,H11,Pergudangan JNE,Sidoarjo,Krian,-7.404428,112.5993915,14.223
PKT-001160,H11,Pergudangan JNE,Sidoarjo,Balongbendo,-7.3921349,112.514702,23.578
PKT-001161,H11,Pergudangan JNE,Sidoarjo,Balongbendo,-7.4184813,112.5388535,20.983
PKT-001162,H11,Pergudangan JNE,Sidoarjo,Krembung,-7.5099834,112.6217549,16.879
PKT-001163,H11,Pergudangan JNE,Sidoarjo,Prambon,-7.4675358,112.5530169,20.697
PKT-001164,H11,Pergudangan JNE,Sidoarjo,Prambon,-7.4558543,112.5760328,17.866
PKT-001165,H11,Pergudangan JNE,Sidoarjo,Sukodono,-7.4020075,112.6759861,5.773
PKT-001166,H11,Pergudangan JNE,Sidoarjo,Sedati,-7.3813846,112.7440306,2.786
PKT-001167,H11,Pergudangan JNE,Sidoarjo,Taman,-7.3601423,112.6803639,6.974
PKT-001168,H11,Pergudangan JNE,Sidoarjo,Sukodono,-7.4086237,112.6679278,6.714
PKT-001169,H11,Pergudangan JNE,Sidoarjo,Sedati,-7.3734182,112.7691068,5.444
PKT-001170,H11,Pergudangan JNE,Sidoarjo,Candi,-7.472229,112.710481,8.16
PKT-001171,H11,Pergudangan JNE,Sidoarjo,Sidoarjo,-7.4451242,112.7084318,5.373
PKT-001172,H11,Pergudangan JNE,Sidoarjo,Sedati,-7.3663994,112.7768929,6.595
PKT-001173,H11,Pergudangan JNE,Sidoarjo,Porong,-7.5231173,112.6805777,14.562
PKT-001174,H11,Pergudangan JNE,Sidoarjo,Taman,-7.368349,112.6660323,7.771
PKT-001175,H11,Pergudangan JNE,Sidoarjo,Balongbendo,-7.4130459,112.5500794,19.701
PKT-001176,H11,Pergudangan JNE,Sidoarjo,Taman,-7.3602056,112.6655675,8.276
PKT-001177,H11,Pergudangan JNE,Sidoarjo,Krian,-7.4132197,112.6029075,13.897
PKT-001178,H11,Pergudangan JNE,Sidoarjo,Wonoayu,-7.4547302,112.6412663,11.306
PKT-001179,H11,Pergudangan JNE,Sidoarjo,Sukodono,-7.4166685,112.6728354,6.362
PKT-001180,H11,Pergudangan JNE,Sidoarjo,Wonoayu,-7.4439123,112.6563339,9.262
PKT-001181,H11,Pergudangan JNE,Sidoarjo,Jabon,-7.5490744,112.7123416,16.557
PKT-001182,H11,Pergudangan JNE,Sidoarjo,Wonoayu,-7.4455341,112.6440233,10.532
PKT-001183,H11,Pergudangan JNE,Sidoarjo,Sidoarjo,-7.4556897,112.7085472,6.459
PKT-001184,H11,Pergudangan JNE,Sidoarjo,Porong,-7.5406017,112.6830565,16.304
PKT-001185,H11,Pergudangan JNE,Sidoarjo,Sidoarjo,-7.4617583,112.7267186,6.757
PKT-001186,H11,Pergudangan JNE,Sidoarjo,Tarik,-7.4512135,112.5058234,25.161
PKT-001187,H11,Pergudangan JNE,Sidoarjo,Candi,-7.4749542,112.7037096,8.658
PKT-001188,H11,Pergudangan JNE,Sidoarjo,Gedangan,-7.3819476,112.7194194,2.337
PKT-001189,H11,Pergudangan JNE,Sidoarjo,Sedati,-7.3919891,112.7761041,5.362
PKT-001190,H11,Pergudangan JNE,Sidoarjo,Jabon,-7.5429104,112.7372295,15.808
PKT-001191,H11,Pergudangan JNE,Sidoarjo,Tanggulangin,-7.4777914,112.7071922,8.85
PKT-001192,H11,Pergudangan JNE,Sidoarjo,Tarik,-7.4445568,112.5348823,21.873
PKT-001193,H11,Pergudangan JNE,Sidoarjo,Krembung,-7.5063053,112.60927,17.59
PKT-001194,H11,Pergudangan JNE,Sidoarjo,Krembung,-7.5103255,112.6264199,16.553
PKT-001195,H11,Pergudangan JNE,Sidoarjo,Tarik,-7.4619776,112.5362241,22.24
PKT-001196,H11,Pergudangan JNE,Sidoarjo,Krembung,-7.5148584,112.6194761,17.444
PKT-001197,H11,Pergudangan JNE,Sidoarjo,Candi,-7.4587836,112.7114882,6.687
PKT-001198,H11,Pergudangan JNE,Sidoarjo,Tanggulangin,-7.5274078,112.7266151,14.055
PKT-001199,H11,Pergudangan JNE,Sidoarjo,Taman,-7.3444533,112.6815146,8.137
PKT-001200,H11,Pergudangan JNE,Sidoarjo,Sukodono,-7.3705574,112.6662135,7.642
PKT-001201,H11,Pergudangan JNE,Sidoarjo,Waru,-7.3438877,112.783943,8.829
PKT-001202,H11,Pergudangan JNE,Sidoarjo,Porong,-7.5366746,112.7169878,15.136
PKT-001203,H11,Pergudangan JNE,Sidoarjo,Sedati,-7.3637958,112.7721234,6.36
PKT-001204,H11,Pergudangan JNE,Sidoarjo,Sedati,-7.3608675,112.7827616,7.48
PKT-001205,H11,Pergudangan JNE,Sidoarjo,Sedati,-7.3594878,112.7595995,5.763
PKT-001206,H11,Pergudangan JNE,Sidoarjo,Waru,-7.3590515,112.7613806,5.921
PKT-001207,H11,Pergudangan JNE,Sidoarjo,Jabon,-7.561872,112.7524171,18.082
PKT-001208,H11,Pergudangan JNE,Sidoarjo,Sukodono,-7.3940559,112.6668117,6.828
PKT-001209,H11,Pergudangan JNE,Sidoarjo,Taman,-7.3506282,112.682094,7.576
PKT-001210,H11,Pergudangan JNE,Sidoarjo,Jabon,-7.5474057,112.7336512,16.288
PKT-001211,H11,Pergudangan JNE,Sidoarjo,Waru,-7.3448534,112.7772921,8.255
PKT-001212,H11,Pergudangan JNE,Sidoarjo,Buduran,-7.4369863,112.7349853,4.066
PKT-001213,H11,Pergudangan JNE,Sidoarjo,Wonoayu,-7.4573857,112.6404395,11.542
PKT-001214,H11,Pergudangan JNE,Sidoarjo,Buduran,-7.4340876,112.7084999,4.279
PKT-001215,H11,Pergudangan JNE,Sidoarjo,Balongbendo,-7.4067786,112.5395806,20.823
PKT-001216,H11,Pergudangan JNE,Sidoarjo,Tarik,-7.4698225,112.526642,23.518
PKT-001217,H11,Pergudangan JNE,Sidoarjo,Tulangan,-7.4836585,112.6392341,13.452
PKT-001218,H11,Pergudangan JNE,Sidoarjo,Balongbendo,-7.417767,112.5542879,19.282
PKT-001219,H11,Pergudangan JNE,Sidoarjo,Waru,-7.3523079,112.7834025,8.137
PKT-001220,H11,Pergudangan JNE,Sidoarjo,Jabon,-7.5698698,112.7435497,18.85
PKT-001221,H11,Pergudangan JNE,Sidoarjo,Waru,-7.3514508,112.7616856,6.626
PKT-001222,H11,Pergudangan JNE,Sidoarjo,Gedangan,-7.3866981,112.7144683,2.207
PKT-001223,H11,Pergudangan JNE,Sidoarjo,Krian,-7.3991271,112.5655083,17.956
PKT-001224,H11,Pergudangan JNE,Sidoarjo,Krian,-7.4105342,112.5968079,14.542
PKT-001225,H11,Pergudangan JNE,Sidoarjo,Krembung,-7.4954558,112.6260475,15.41
PKT-001226,H11,Pergudangan JNE,Sidoarjo,Krian,-7.4080657,112.5749135,16.935
PKT-001227,H11,Pergudangan JNE,Sidoarjo,Porong,-7.5227609,112.6934424,14.073
PKT-001228,H11,Pergudangan JNE,Sidoarjo,Gedangan,-7.3807887,112.7128998,2.82
PKT-001229,H11,Pergudangan JNE,Sidoarjo,Jabon,-7.5286536,112.7248467,14.198
PKT-001230,H11,Pergudangan JNE,Sidoarjo,Candi,-7.4682623,112.6969957,8.237
PKT-001231,H11,Pergudangan JNE,Sidoarjo,Prambon,-7.4537229,112.5605125,19.41
PKT-001232,H11,Pergudangan JNE,Sidoarjo,Sedati,-7.3720709,112.7674932,5.386
PKT-001233,H11,Pergudangan JNE,Sidoarjo,Krembung,-7.4926469,112.6062903,16.878
PKT-001234,H11,Pergudangan JNE,Sidoarjo,Sukodono,-7.3908302,112.6642139,7.161
PKT-001235,H11,Pergudangan JNE,Sidoarjo,Gedangan,-7.373354,112.7391129,3.298
PKT-001236,H11,Pergudangan JNE,Sidoarjo,Buduran,-7.4187484,112.7234813,2.043
PKT-001237,H11,Pergudangan JNE,Sidoarjo,Krembung,-7.5205379,112.64466,16.178
PKT-001238,H11,Pergudangan JNE,Sidoarjo,Prambon,-7.4420135,112.5671621,18.347
PKT-001239,H11,Pergudangan JNE,Sidoarjo,Sidoarjo,-7.4461454,112.7263117,5.023
PKT-001240,H11,Pergudangan JNE,Sidoarjo,Tarik,-7.4606392,112.5280269,23.06
PKT-001241,H11,Pergudangan JNE,Sidoarjo,Tulangan,-7.4760669,112.6306511,13.625
PKT-001242,H11,Pergudangan JNE,Sidoarjo,Krembung,-7.4950492,112.6345228,14.708
PKT-001243,H11,Pergudangan JNE,Sidoarjo,Buduran,-7.4026907,112.7204663,0.887
PKT-001244,H11,Pergudangan JNE,Sidoarjo,Gedangan,-7.4032027,112.7358851,0.868
PKT-001245,H11,Pergudangan JNE,Sidoarjo,Tarik,-7.4542665,112.5269632,22.979
PKT-001246,H11,Pergudangan JNE,Sidoarjo,Sukodono,-7.4119122,112.6587722,7.765
PKT-001247,H11,Pergudangan JNE,Sidoarjo,Jabon,-7.5614783,112.7326914,17.849
PKT-001248,H11,Pergudangan JNE,Sidoarjo,Tanggulangin,-7.5064101,112.7107449,11.879
PKT-001249,H11,Pergudangan JNE,Sidoarjo,Sidoarjo,-7.4274852,112.717277,3.186
PKT-001250,H11,Pergudangan JNE,Sidoarjo,Waru,-7.34862,112.7521211,6.389
PKT-001251,H11,Pergudangan JNE,Sidoarjo,Porong,-7.5229689,112.6907121,14.181
PKT-001252,H11,Pergudangan JNE,Sidoarjo,Sidoarjo,-7.4687505,112.7132843,7.712
PKT-001253,H11,Pergudangan JNE,Sidoarjo,Gedangan,-7.4068848,112.7357268,1.044
PKT-001254,H11,Pergudangan JNE,Sidoarjo,Tulangan,-7.4912483,112.661445,12.452
PKT-001255,H11,Pergudangan JNE,Sidoarjo,Taman,-7.345883,112.6988059,6.942
PKT-001256,H11,Pergudangan JNE,Sidoarjo,Buduran,-7.3978672,112.7251002,0.5
PKT-001257,H11,Pergudangan JNE,Sidoarjo,Waru,-7.336989,112.7487516,7.467
PKT-001258,H11,Pergudangan JNE,Sidoarjo,Krembung,-7.4966105,112.6288768,15.272
PKT-001259,H11,Pergudangan JNE,Sidoarjo,Porong,-7.5448388,112.7014487,16.265
PKT-001260,H11,Pergudangan JNE,Sidoarjo,Waru,-7.347438,112.7841256,8.564
PKT-001261,H11,Pergudangan JNE,Sidoarjo,Taman,-7.3569734,112.676734,7.507
PKT-001262,H12,Gudang JNE Gresik,Gresik,Ujungpangkah,-6.9056381,112.5613387,30.617
PKT-001263,H12,Gudang JNE Gresik,Gresik,Manyar,-7.1239587,112.6238185,5.654
PKT-001264,H12,Gudang JNE Gresik,Gresik,Balongpanggang,-7.2588661,112.4503272,20.959
PKT-001265,H12,Gudang JNE Gresik,Gresik,Balongpanggang,-7.258992,112.4245018,23.548
PKT-001266,H12,Gudang JNE Gresik,Gresik,Kedamean,-7.3126084,112.5102205,19.562
PKT-001267,H12,Gudang JNE Gresik,Gresik,Ujungpangkah,-6.9067534,112.5506487,30.77
PKT-001268,H12,Gudang JNE Gresik,Gresik,Benjeng,-7.252906,112.4803517,17.722
PKT-001269,H12,Gudang JNE Gresik,Gresik,Manyar,-7.1491862,112.6084112,3.126
PKT-001270,H12,Gudang JNE Gresik,Gresik,Wringinanom,-7.3981233,112.519092,27.238
PKT-001271,H12,Gudang JNE Gresik,Gresik,Ujungpangkah,-6.9024386,112.5671177,30.837
PKT-001272,H12,Gudang JNE Gresik,Gresik,Gresik,-7.1542742,112.6521404,4.181
PKT-001273,H12,Gudang JNE Gresik,Gresik,Kedamean,-7.3350443,112.5164971,21.191
PKT-001274,H12,Gudang JNE Gresik,Gresik,Cerme,-7.221611,112.5700765,7.612
PKT-001275,H12,Gudang JNE Gresik,Gresik,Driyorejo,-7.327384,112.6201512,16.979
PKT-001276,H12,Gudang JNE Gresik,Gresik,Sidayu,-6.9783152,112.5741798,22.422
PKT-001277,H12,Gudang JNE Gresik,Gresik,Dukun,-6.9697533,112.5142289,25.619
PKT-001278,H12,Gudang JNE Gresik,Gresik,Dukun,-7.0060589,112.503872,22.731
PKT-001279,H12,Gudang JNE Gresik,Gresik,Manyar,-7.1246047,112.6220799,5.573
PKT-001280,H12,Gudang JNE Gresik,Gresik,Cerme,-7.226559,112.5553194,9.202
PKT-001281,H12,Gudang JNE Gresik,Gresik,Driyorejo,-7.3347355,112.6373573,17.895
PKT-001282,H12,Gudang JNE Gresik,Gresik,Benjeng,-7.2738648,112.4969837,17.513
PKT-001283,H12,Gudang JNE Gresik,Gresik,Wringinanom,-7.377657,112.5206463,25.104
PKT-001284,H12,Gudang JNE Gresik,Gresik,Duduksampeyan,-7.1689515,112.5534498,7.405
PKT-001285,H12,Gudang JNE Gresik,Gresik,Driyorejo,-7.3221573,112.648045,16.68
PKT-001286,H12,Gudang JNE Gresik,Gresik,Manyar,-7.1455866,112.6141511,3.307
PKT-001287,H12,Gudang JNE Gresik,Gresik,Gresik,-7.1696969,112.681953,6.822
PKT-001288,H12,Gudang JNE Gresik,Gresik,Kedamean,-7.3302092,112.5216997,20.43
PKT-001289,H12,Gudang JNE Gresik,Gresik,Sidayu,-7.01044,112.5493777,19.871
PKT-001290,H12,Gudang JNE Gresik,Gresik,Kedamean,-7.3160703,112.5074916,20.051
PKT-001291,H12,Gudang JNE Gresik,Gresik,Manyar,-7.1405553,112.5876802,5.232
PKT-001292,H12,Gudang JNE Gresik,Gresik,Dukun,-6.9813981,112.514084,24.482
PKT-001293,H12,Gudang JNE Gresik,Gresik,Kedamean,-7.3344549,112.4953965,22.483
PKT-001294,H12,Gudang JNE Gresik,Gresik,Driyorejo,-7.3189436,112.635608,16.128
PKT-001295,H12,Gudang JNE Gresik,Gresik,Duduksampeyan,-7.1843916,112.5597957,6.764
PKT-001296,H12,Gudang JNE Gresik,Gresik,Manyar,-7.1389325,112.5951592,4.85
PKT-001297,H12,Gudang JNE Gresik,Gresik,Wringinanom,-7.4201086,112.5160382,29.614
PKT-001298,H12,Gudang JNE Gresik,Gresik,Sidayu,-7.0022734,112.541966,21.032
PKT-001299,H12,Gudang JNE Gresik,Gresik,Kedamean,-7.3154053,112.5112744,19.736
PKT-001300,H12,Gudang JNE Gresik,Gresik,Balongpanggang,-7.2711396,112.4426509,22.342
PKT-001301,H12,Gudang JNE Gresik,Gresik,Driyorejo,-7.3320215,112.63892,17.614
PKT-001302,H12,Gudang JNE Gresik,Gresik,Kebomas,-7.1919553,112.6389966,2.816
PKT-001303,H12,Gudang JNE Gresik,Gresik,Kedamean,-7.3268942,112.5138067,20.603
PKT-001304,H12,Gudang JNE Gresik,Gresik,Benjeng,-7.2656552,112.4919306,17.404
PKT-001305,H12,Gudang JNE Gresik,Gresik,Benjeng,-7.2701964,112.5111245,16.059
PKT-001306,H12,Gudang JNE Gresik,Gresik,Gresik,-7.1659601,112.6368969,2.07
PKT-001307,H12,Gudang JNE Gresik,Gresik,Gresik,-7.1861039,112.6505472,3.568
PKT-001308,H12,Gudang JNE Gresik,Gresik,Kedamean,-7.3254907,112.5164401,20.309
PKT-001309,H12,Gudang JNE Gresik,Gresik,Panceng,-6.9342121,112.4769002,31.073
PKT-001310,H12,Gudang JNE Gresik,Gresik,Manyar,-7.1302432,112.6136168,4.998
PKT-001311,H12,Gudang JNE Gresik,Gresik,Kebomas,-7.1851054,112.6686717,5.458
PKT-001312,H12,Gudang JNE Gresik,Gresik,Ujungpangkah,-6.9049236,112.5313777,31.562
PKT-001313,H12,Gudang JNE Gresik,Gresik,Menganti,-7.2935499,112.5731672,14.203
PKT-001314,H12,Gudang JNE Gresik,Gresik,Dukun,-6.9814293,112.4684369,27.253
PKT-001315,H12,Gudang JNE Gresik,Gresik,Kedamean,-7.2974321,112.5334671,16.675
PKT-001316,H12,Gudang JNE Gresik,Gresik,Cerme,-7.237217,112.5767594,8.452
PKT-001317,H12,Gudang JNE Gresik,Gresik,Kebomas,-7.18135,112.657338,4.15
PKT-001318,H12,Gudang JNE Gresik,Gresik,Kebomas,-7.1788464,112.6464373,2.918
PKT-001319,H12,Gudang JNE Gresik,Gresik,Driyorejo,-7.3097317,112.644323,15.247
PKT-001320,H12,Gudang JNE Gresik,Gresik,Benjeng,-7.2596525,112.4847841,17.686
PKT-001321,H12,Gudang JNE Gresik,Gresik,Kedamean,-7.339461,112.5207714,21.36
PKT-001322,H12,Gudang JNE Gresik,Gresik,Menganti,-7.2775466,112.5961311,11.744
PKT-001323,H12,Gudang JNE Gresik,Gresik,Gresik,-7.1515572,112.6481778,4.008
PKT-001324,H12,Gudang JNE Gresik,Gresik,Duduksampeyan,-7.1789194,112.567601,5.835
PKT-001325,H12,Gudang JNE Gresik,Gresik,Bungah,-7.0670585,112.5959677,12.266
PKT-001326,H12,Gudang JNE Gresik,Gresik,Manyar,-7.13881,112.6230171,4.001
PKT-001327,H12,Gudang JNE Gresik,Gresik,Wringinanom,-7.3739942,112.5295726,24.317
PKT-001328,H12,Gudang JNE Gresik,Gresik,Balongpanggang,-7.260408,112.4501907,21.049
PKT-001329,H12,Gudang JNE Gresik,Gresik,Gresik,-7.1519125,112.6428212,3.547
PKT-001330,H12,Gudang JNE Gresik,Gresik,Gresik,-7.1480902,112.6474344,4.207
PKT-001331,H12,Gudang JNE Gresik,Gresik,Manyar,-7.1493992,112.6286879,2.96
PKT-001332,H12,Gudang JNE Gresik,Gresik,Cerme,-7.2393412,112.5777206,8.589
PKT-001333,H12,Gudang JNE Gresik,Gresik,Kedamean,-7.3102589,112.5220561,18.567
PKT-001334,H12,Gudang JNE Gresik,Gresik,Menganti,-7.3079299,112.5867076,15.272
PKT-001335,H12,Gudang JNE Gresik,Gresik,Wringinanom,-7.3717137,112.5368866,23.762
PKT-001336,H12,Gudang JNE Gresik,Gresik,Dukun,-6.98845,112.5028108,24.434
PKT-001337,H12,Gudang JNE Gresik,Gresik,Cerme,-7.2138017,112.5936499,5.251
PKT-001338,H12,Gudang JNE Gresik,Gresik,Balongpanggang,-7.2741452,112.4372331,23.026
PKT-001339,H12,Gudang JNE Gresik,Gresik,Dukun,-6.978239,112.489126,26.206
PKT-001340,H12,Gudang JNE Gresik,Gresik,Cerme,-7.2222751,112.5893354,6.299
PKT-001341,H12,Gudang JNE Gresik,Gresik,Sidayu,-7.0077056,112.541913,20.485
PKT-001342,H12,Gudang JNE Gresik,Gresik,Driyorejo,-7.317401,112.6403858,16.022
PKT-001343,H12,Gudang JNE Gresik,Gresik,Benjeng,-7.2587478,112.503154,15.951
PKT-001344,H12,Gudang JNE Gresik,Gresik,Kebomas,-7.2062746,112.6404741,4.156
PKT-001345,H12,Gudang JNE Gresik,Gresik,Gresik,-7.1550846,112.6455974,3.54
PKT-001346,H12,Gudang JNE Gresik,Gresik,Ujungpangkah,-6.9258742,112.5449323,28.891
PKT-001347,H12,Gudang JNE Gresik,Gresik,Balongpanggang,-7.2730334,112.4468099,22.044
PKT-001348,H12,Gudang JNE Gresik,Gresik,Balongpanggang,-7.2787661,112.430347,23.939
PKT-001349,H12,Gudang JNE Gresik,Gresik,Benjeng,-7.2634644,112.4967444,16.831
PKT-001350,H12,Gudang JNE Gresik,Gresik,Cerme,-7.2327512,112.5854328,7.516
PKT-001351,H12,Gudang JNE Gresik,Gresik,Bungah,-7.0581282,112.6025528,13.109
PKT-001352,H12,Gudang JNE Gresik,Gresik,Panceng,-6.9255034,112.468355,32.388
PKT-001353,H12,Gudang JNE Gresik,Gresik,Wringinanom,-7.391227,112.536939,25.774
PKT-001354,H12,Gudang JNE Gresik,Gresik,Panceng,-6.9052875,112.4358525,36.219
PKT-001355,H12,Gudang JNE Gresik,Gresik,Kedamean,-7.3178868,112.5182325,19.502
PKT-001356,H12,Gudang JNE Gresik,Gresik,Menganti,-7.2923312,112.5875015,13.573
PKT-001357,H12,Gudang JNE Gresik,Gresik,Driyorejo,-7.3349587,112.6384313,17.932
PKT-001358,H12,Gudang JNE Gresik,Gresik,Panceng,-6.9395047,112.4511686,32.13
PKT-001359,H12,Gudang JNE Gresik,Gresik,Kedamean,-7.3194315,112.538619,18.446
PKT-001360,H12,Gudang JNE Gresik,Gresik,Menganti,-7.2879635,112.6128131,12.622
PKT-001361,H12,Gudang JNE Gresik,Gresik,Driyorejo,-7.3314087,112.6446534,17.632
PKT-001362,H12,Gudang JNE Gresik,Gresik,Kebomas,-7.1894242,112.652965,3.956
PKT-001363,H12,Gudang JNE Gresik,Gresik,Benjeng,-7.245914,112.4791334,17.473
PKT-001364,H12,Gudang JNE Gresik,Gresik,Ujungpangkah,-6.920151,112.5504623,29.335
PKT-001365,H12,Gudang JNE Gresik,Gresik,Bungah,-7.0528944,112.583982,14.124
PKT-001366,H12,Gudang JNE Gresik,Gresik,Wringinanom,-7.3853061,112.5267183,25.594
PKT-001367,H12,Gudang JNE Gresik,Gresik,Gresik,-7.1520744,112.6616096,5.203
PKT-001368,H12,Gudang JNE Gresik,Gresik,Dukun,-6.9916703,112.5101288,23.707
PKT-001369,H12,Gudang JNE Gresik,Gresik,Kedamean,-7.3265584,112.5135125,20.591
PKT-001370,H12,Gudang JNE Gresik,Gresik,Menganti,-7.2835381,112.5601809,13.802
PKT-001371,H12,Gudang JNE Gresik,Gresik,Duduksampeyan,-7.1575649,112.5605076,6.868
PKT-001372,H12,Gudang JNE Gresik,Gresik,Gresik,-7.1691871,112.6356174,1.795
PKT-001373,H12,Gudang JNE Gresik,Gresik,Kebomas,-7.1885894,112.6406343,2.722
PKT-001374,H12,Gudang JNE Gresik,Gresik,Manyar,-7.1246501,112.6053423,5.805
PKT-001375,H12,Gudang JNE Gresik,Gresik,Menganti,-7.2919254,112.5745299,13.98
PKT-001376,H12,Gudang JNE Gresik,Gresik,Cerme,-7.2211425,112.5824394,6.644
PKT-001377,H12,Gudang JNE Gresik,Gresik,Kebomas,-7.1879034,112.6409552,2.709
PKT-001378,H12,Gudang JNE Gresik,Gresik,Dukun,-6.9884028,112.5228526,23.34
PKT-001379,H12,Gudang JNE Gresik,Gresik,Bungah,-7.0563546,112.5515959,15.187
PKT-001380,H12,Gudang JNE Gresik,Gresik,Balongpanggang,-7.2626094,112.4287304,23.287
PKT-001381,H12,Gudang JNE Gresik,Gresik,Dukun,-6.9740379,112.490127,26.537
PKT-001382,H12,Gudang JNE Gresik,Gresik,Wringinanom,-7.3995811,112.5245376,27.147
PKT-001383,H12,Gudang JNE Gresik,Gresik,Panceng,-6.9085267,112.477712,33.52
PKT-001384,H12,Gudang JNE Gresik,Gresik,Kedamean,-7.3150093,112.5302112,18.5
PKT-001385,H12,Gudang JNE Gresik,Gresik,Bungah,-7.0638851,112.5845726,12.937
PKT-001386,H12,Gudang JNE Gresik,Gresik,Gresik,-7.1529849,112.6345712,2.881
PKT-001387,H12,Gudang JNE Gresik,Gresik,Duduksampeyan,-7.166074,112.5537721,7.404
PKT-001388,H12,Gudang JNE Gresik,Gresik,Duduksampeyan,-7.154073,112.5861301,4.414
PKT-001389,H12,Gudang JNE Gresik,Gresik,Driyorejo,-7.336989,112.6241226,18.051
PKT-001390,H12,Gudang JNE Gresik,Gresik,Menganti,-7.2748297,112.592976,11.536
PKT-001391,H12,Gudang JNE Gresik,Gresik,Gresik,-7.1548623,112.6563375,4.544
PKT-001392,H12,Gudang JNE Gresik,Gresik,Benjeng,-7.2690088,112.4886986,17.911
PKT-001393,H12,Gudang JNE Gresik,Gresik,Menganti,-7.3139989,112.60499,15.582
PKT-001394,H12,Gudang JNE Gresik,Gresik,Benjeng,-7.2456766,112.5053227,14.941
PKT-001395,H12,Gudang JNE Gresik,Gresik,Cerme,-7.2324113,112.5543861,9.701
PKT-001396,H12,Gudang JNE Gresik,Gresik,Kebomas,-7.1873089,112.6380451,2.407
PKT-001397,H12,Gudang JNE Gresik,Gresik,Duduksampeyan,-7.1745266,112.5682714,5.742
PKT-001398,H13,Gateway J&T Cangkir,Gresik,Kebomas,-7.210173,112.6639677,17.511
PKT-001399,H13,Gateway J&T Cangkir,Gresik,Panceng,-6.9260803,112.4766494,51.728
PKT-001400,H13,Gateway J&T Cangkir,Gresik,Wringinanom,-7.3893299,112.5063156,14.241
PKT-001401,H13,Gateway J&T Cangkir,Gresik,Balongpanggang,-7.274923,112.4429557,23.216
PKT-001402,H13,Gateway J&T Cangkir,Gresik,Duduksampeyan,-7.1646001,112.5742774,23.168
PKT-001403,H13,Gateway J&T Cangkir,Gresik,Kebomas,-7.1901594,112.6533211,19.53
PKT-001404,H13,Gateway J&T Cangkir,Gresik,Menganti,-7.311321,112.5749934,8.725
PKT-001405,H13,Gateway J&T Cangkir,Gresik,Gresik,-7.1742564,112.6573745,21.339
PKT-001406,H13,Gateway J&T Cangkir,Gresik,Cerme,-7.2416168,112.5696339,15.363
PKT-001407,H13,Gateway J&T Cangkir,Gresik,Dukun,-7.0006042,112.4892294,43.477
PKT-001408,H13,Gateway J&T Cangkir,Gresik,Sidayu,-6.987463,112.5646069,42.614
PKT-001409,H13,Gateway J&T Cangkir,Gresik,Duduksampeyan,-7.1570613,112.5708082,24.08
PKT-001410,H13,Gateway J&T Cangkir,Gresik,Driyorejo,-7.3272994,112.6407365,4.238
PKT-001411,H13,Gateway J&T Cangkir,Gresik,Duduksampeyan,-7.1782436,112.5589863,22.277
PKT-001412,H13,Gateway J&T Cangkir,Gresik,Balongpanggang,-7.2548624,112.4298969,25.514
PKT-001413,H13,Gateway J&T Cangkir,Gresik,Kedamean,-7.3164779,112.5171836,13.853
PKT-001414,H13,Gateway J&T Cangkir,Gresik,Wringinanom,-7.3909951,112.5247042,12.3
PKT-001415,H13,Gateway J&T Cangkir,Gresik,Sidayu,-7.0077004,112.551722,40.691
PKT-001416,H13,Gateway J&T Cangkir,Gresik,Duduksampeyan,-7.1763794,112.5503991,22.832
PKT-001417,H13,Gateway J&T Cangkir,Gresik,Duduksampeyan,-7.168098,112.5495986,23.713
PKT-001418,H13,Gateway J&T Cangkir,Gresik,Ujungpangkah,-6.9209802,112.5515467,50.145
PKT-001419,H13,Gateway J&T Cangkir,Gresik,Panceng,-6.9161119,112.4614811,53.345
PKT-001420,H13,Gateway J&T Cangkir,Gresik,Dukun,-7.0117757,112.4947352,42.099
PKT-001421,H13,Gateway J&T Cangkir,Gresik,Sidayu,-6.9835197,112.5498873,43.36
PKT-001422,H13,Gateway J&T Cangkir,Gresik,Duduksampeyan,-7.1823563,112.5626944,21.703
PKT-001423,H13,Gateway J&T Cangkir,Gresik,Benjeng,-7.2517115,112.4910276,20.074
PKT-001424,H13,Gateway J&T Cangkir,Gresik,Cerme,-7.2140109,112.5776246,17.829
PKT-001425,H13,Gateway J&T Cangkir,Gresik,Balongpanggang,-7.2523838,112.4307692,25.563
PKT-001426,H13,Gateway J&T Cangkir,Gresik,Sidayu,-7.0020645,112.5625532,41.059
PKT-001427,H13,Gateway J&T Cangkir,Gresik,Benjeng,-7.2660887,112.489305,19.271
PKT-001428,H13,Gateway J&T Cangkir,Gresik,Wringinanom,-7.3929862,112.5188531,12.98
PKT-001429,H13,Gateway J&T Cangkir,Gresik,Cerme,-7.2363471,112.572148,15.767
PKT-001430,H13,Gateway J&T Cangkir,Gresik,Gresik,-7.1611047,112.6493516,22.703
PKT-001431,H13,Gateway J&T Cangkir,Gresik,Sidayu,-6.9909669,112.5653465,42.216
PKT-001432,H13,Gateway J&T Cangkir,Gresik,Balongpanggang,-7.2736911,112.4402556,23.544
PKT-001433,H13,Gateway J&T Cangkir,Gresik,Balongpanggang,-7.2741338,112.4486742,22.687
PKT-001434,H13,Gateway J&T Cangkir,Gresik,Manyar,-7.1387218,112.6174787,25.179
PKT-001435,H13,Gateway J&T Cangkir,Gresik,Sidayu,-6.9961003,112.556783,41.834
PKT-001436,H13,Gateway J&T Cangkir,Gresik,Sidayu,-7.005708,112.5577178,40.767
PKT-001437,H13,Gateway J&T Cangkir,Gresik,Panceng,-6.9115116,112.4456227,54.463
PKT-001438,H13,Gateway J&T Cangkir,Gresik,Wringinanom,-7.3893183,112.5436214,10.235
PKT-001439,H13,Gateway J&T Cangkir,Gresik,Wringinanom,-7.3960469,112.5401125,10.826
PKT-001440,H13,Gateway J&T Cangkir,Gresik,Menganti,-7.2922354,112.5762409,10.2
PKT-001441,H13,Gateway J&T Cangkir,Gresik,Driyorejo,-7.325266,112.6239518,4.491
PKT-001442,H13,Gateway J&T Cangkir,Gresik,Gresik,-7.1823875,112.6579967,20.451
PKT-001443,H13,Gateway J&T Cangkir,Gresik,Duduksampeyan,-7.1550894,112.5685027,24.364
PKT-001444,H13,Gateway J&T Cangkir,Gresik,Manyar,-7.1289726,112.599033,26.472
PKT-001445,H13,Gateway J&T Cangkir,Gresik,Benjeng,-7.2459823,112.5268651,17.641
PKT-001446,H13,Gateway J&T Cangkir,Gresik,Balongpanggang,-7.2612121,112.4223788,25.924
PKT-001447,H13,Gateway J&T Cangkir,Gresik,Wringinanom,-7.384621,112.5243817,12.186
PKT-001448,H13,Gateway J&T Cangkir,Gresik,Bungah,-7.0537872,112.5874676,34.929
PKT-001449,H13,Gateway J&T Cangkir,Gresik,Benjeng,-7.2664012,112.4742476,20.64
PKT-001450,H13,Gateway J&T Cangkir,Gresik,Panceng,-6.9226092,112.4483947,53.206
PKT-001451,H13,Gateway J&T Cangkir,Gresik,Benjeng,-7.2416361,112.4938034,20.564
PKT-001452,H13,Gateway J&T Cangkir,Gresik,Wringinanom,-7.4030994,112.5329942,11.832
PKT-001453,H13,Gateway J&T Cangkir,Gresik,Kedamean,-7.3172401,112.5392424,11.609
PKT-001454,H13,Gateway J&T Cangkir,Gresik,Gresik,-7.1783836,112.6403181,20.726
PKT-001455,H13,Gateway J&T Cangkir,Gresik,Menganti,-7.2940037,112.5882495,9.278
PKT-001456,H13,Gateway J&T Cangkir,Gresik,Duduksampeyan,-7.1583208,112.5651476,24.133
PKT-001457,H13,Gateway J&T Cangkir,Gresik,Panceng,-6.9189776,112.4671688,52.826
PKT-001458,H13,Gateway J&T Cangkir,Gresik,Dukun,-7.0053947,112.4962625,42.701
PKT-001459,H13,Gateway J&T Cangkir,Gresik,Bungah,-7.0399354,112.5689511,36.791
PKT-001460,H13,Gateway J&T Cangkir,Gresik,Menganti,-7.3064014,112.6056797,7.144
PKT-001461,H13,Gateway J&T Cangkir,Gresik,Gresik,-7.17129,112.647191,21.556
PKT-001462,H13,Gateway J&T Cangkir,Gresik,Panceng,-6.9200098,112.4536138,53.256
PKT-001463,H13,Gateway J&T Cangkir,Gresik,Sidayu,-7.0058741,112.5635261,40.623
PKT-001464,H13,Gateway J&T Cangkir,Gresik,Kedamean,-7.3273454,112.5248205,12.634
PKT-001465,H13,Gateway J&T Cangkir,Gresik,Kebomas,-7.1766892,112.6308316,20.9
PKT-001466,H13,Gateway J&T Cangkir,Gresik,Kebomas,-7.2024281,112.6172152,18.121
PKT-001467,H13,Gateway J&T Cangkir,Gresik,Wringinanom,-7.3933423,112.510371,13.898
PKT-001468,H13,Gateway J&T Cangkir,Gresik,Ujungpangkah,-6.9277405,112.5313019,49.861
PKT-001469,H13,Gateway J&T Cangkir,Gresik,Balongpanggang,-7.2775028,112.4440577,22.984
PKT-001470,H13,Gateway J&T Cangkir,Gresik,Panceng,-6.9156419,112.4501411,53.85
PKT-001471,H13,Gateway J&T Cangkir,Gresik,Manyar,-7.1433663,112.6201944,24.645
PKT-001472,H13,Gateway J&T Cangkir,Gresik,Balongpanggang,-7.2713015,112.4342616,24.255
PKT-001473,H13,Gateway J&T Cangkir,Gresik,Kedamean,-7.3095967,112.529582,12.947
PKT-001474,H13,Gateway J&T Cangkir,Gresik,Manyar,-7.1099723,112.626976,28.325
PKT-001475,H13,Gateway J&T Cangkir,Gresik,Wringinanom,-7.3990221,112.5376504,11.192
PKT-001476,H13,Gateway J&T Cangkir,Gresik,Kebomas,-7.1840142,112.6637482,20.368
PKT-001477,H13,Gateway J&T Cangkir,Gresik,Dukun,-6.9941906,112.4984509,43.786
PKT-001478,H13,Gateway J&T Cangkir,Gresik,Gresik,-7.1596873,112.6462435,22.836
PKT-001479,H13,Gateway J&T Cangkir,Gresik,Dukun,-6.9750385,112.4791297,46.53
PKT-001480,H13,Gateway J&T Cangkir,Gresik,Menganti,-7.2909244,112.5926129,9.33
PKT-001481,H13,Gateway J&T Cangkir,Gresik,Bungah,-7.0606287,112.5606654,34.734
PKT-001482,H13,Gateway J&T Cangkir,Gresik,Balongpanggang,-7.2672095,112.4283873,25.036
PKT-001483,H13,Gateway J&T Cangkir,Gresik,Benjeng,-7.2555669,112.491842,19.738
PKT-001484,H13,Gateway J&T Cangkir,Gresik,Manyar,-7.1152184,112.6001498,27.97
PKT-001485,H13,Gateway J&T Cangkir,Gresik,Wringinanom,-7.3876581,112.548302,9.688
PKT-001486,H13,Gateway J&T Cangkir,Gresik,Kebomas,-7.20759,112.6577029,17.674
PKT-001487,H14,JNE Warehouse Mojokerto,Mojokerto,Gondang,-7.6244658,112.4718222,18.175
PKT-001488,H14,JNE Warehouse Mojokerto,Mojokerto,Dawar Blandong,-7.3202359,112.4274433,16.054
PKT-001489,H14,JNE Warehouse Mojokerto,Mojokerto,Pungging,-7.5285478,112.5746299,15.012
PKT-001490,H14,JNE Warehouse Mojokerto,Mojokerto,Kemlagi,-7.4140378,112.3802815,9.919
PKT-001491,H14,JNE Warehouse Mojokerto,Mojokerto,Jatirejo,-7.6079687,112.406607,17.157
PKT-001492,H14,JNE Warehouse Mojokerto,Mojokerto,Trawas,-7.6715749,112.6146013,29.135
PKT-001493,H14,JNE Warehouse Mojokerto,Mojokerto,Bangsal,-7.4945311,112.4928098,5.431
PKT-001494,H14,JNE Warehouse Mojokerto,Mojokerto,Bangsal,-7.5139286,112.4872255,6.73
PKT-001495,H14,JNE Warehouse Mojokerto,Mojokerto,Puri,-7.5422563,112.4766615,9.23
PKT-001496,H14,JNE Warehouse Mojokerto,Mojokerto,Sooko,-7.493526,112.4151332,5.752
PKT-001497,H14,JNE Warehouse Mojokerto,Mojokerto,Trowulan,-7.5523923,112.3800726,13.123
PKT-001498,H14,JNE Warehouse Mojokerto,Mojokerto,Ngoro,-7.5347698,112.6164986,19.438
PKT-001499,H14,JNE Warehouse Mojokerto,Mojokerto,Trawas,-7.6680673,112.5792399,26.645
PKT-001500,H14,JNE Warehouse Mojokerto,Mojokerto,Dawar Blandong,-7.3412727,112.4299969,13.706
PKT-001501,H14,JNE Warehouse Mojokerto,Mojokerto,Ngoro,-7.546513,112.6004773,18.479
PKT-001502,H14,JNE Warehouse Mojokerto,Mojokerto,Jetis,-7.397658,112.4201471,8.165
PKT-001503,H14,JNE Warehouse Mojokerto,Mojokerto,Jetis,-7.3837144,112.4456754,8.755
PKT-001504,H14,JNE Warehouse Mojokerto,Mojokerto,Kemlagi,-7.4066636,112.3736383,10.981
PKT-001505,H14,JNE Warehouse Mojokerto,Mojokerto,Jetis,-7.4048143,112.4414368,6.539
PKT-001506,H14,JNE Warehouse Mojokerto,Mojokerto,Gondang,-7.6267458,112.4845649,18.61
PKT-001507,H14,JNE Warehouse Mojokerto,Mojokerto,Gondang,-7.6104089,112.4826259,16.784
PKT-001508,H14,JNE Warehouse Mojokerto,Mojokerto,Trawas,-7.6742633,112.6034554,28.662
PKT-001509,H14,JNE Warehouse Mojokerto,Mojokerto,Puri,-7.5567734,112.4769124,10.808
PKT-001510,H14,JNE Warehouse Mojokerto,Mojokerto,Bangsal,-7.5047773,112.4943914,6.366
PKT-001511,H14,JNE Warehouse Mojokerto,Mojokerto,Puri,-7.5269872,112.4429397,7.403
PKT-001512,H14,JNE Warehouse Mojokerto,Mojokerto,Kutorejo,-7.5793942,112.5277786,15.272
PKT-001513,H14,JNE Warehouse Mojokerto,Mojokerto,Dawar Blandong,-7.321519,112.4434713,15.656
PKT-001514,H14,JNE Warehouse Mojokerto,Mojokerto,Puri,-7.5535804,112.4778818,10.485
PKT-001515,H14,JNE Warehouse Mojokerto,Mojokerto,Gedeg,-7.4326174,112.39197,7.797
PKT-001516,H14,JNE Warehouse Mojokerto,Mojokerto,Mojoanyar,-7.5239305,112.4679859,7.034
PKT-001517,H14,JNE Warehouse Mojokerto,Mojokerto,Pungging,-7.5399045,112.5521304,13.68
PKT-001518,H14,JNE Warehouse Mojokerto,Mojokerto,Sooko,-7.5004317,112.4146958,6.289
PKT-001519,H14,JNE Warehouse Mojokerto,Mojokerto,Pacet,-7.6580923,112.5455611,23.947
PKT-001520,H14,JNE Warehouse Mojokerto,Mojokerto,Dlanggu,-7.5702882,112.4920858,12.698
PKT-001521,H14,JNE Warehouse Mojokerto,Mojokerto,Bangsal,-7.5073167,112.4770533,5.56
PKT-001522,H14,JNE Warehouse Mojokerto,Mojokerto,Gedeg,-7.4360868,112.3720338,9.719
PKT-001523,H14,JNE Warehouse Mojokerto,Mojokerto,Kemlagi,-7.3848682,112.3731955,12.532
PKT-001524,H14,JNE Warehouse Mojokerto,Mojokerto,Pungging,-7.519143,112.5682155,13.891
PKT-001525,H14,JNE Warehouse Mojokerto,Mojokerto,Mojosari,-7.5301377,112.5343557,11.484
PKT-001526,H14,JNE Warehouse Mojokerto,Mojokerto,Pacet,-7.6646499,112.5518959,24.901
PKT-001527,H14,JNE Warehouse Mojokerto,Mojokerto,Trawas,-7.6420623,112.6096023,26.222
PKT-001528,H14,JNE Warehouse Mojokerto,Mojokerto,Dawar Blandong,-7.3118605,112.4319404,16.881
PKT-001529,H14,JNE Warehouse Mojokerto,Mojokerto,Kemlagi,-7.3962339,112.3709238,11.903
PKT-001530,H14,JNE Warehouse Mojokerto,Mojokerto,Bangsal,-7.5016729,112.4809778,5.207
PKT-001531,H14,JNE Warehouse Mojokerto,Mojokerto,Trowulan,-7.5542451,112.3810526,13.214
PKT-001532,H14,JNE Warehouse Mojokerto,Mojokerto,Mojoanyar,-7.5010565,112.463465,4.442
PKT-001533,H14,JNE Warehouse Mojokerto,Mojokerto,Kemlagi,-7.3952045,112.3734039,11.76
PKT-001534,H14,JNE Warehouse Mojokerto,Mojokerto,Puri,-7.5405785,112.4573053,8.767
PKT-001535,H14,JNE Warehouse Mojokerto,Mojokerto,Jetis,-7.4233563,112.431921,5.044
PKT-001536,H14,JNE Warehouse Mojokerto,Mojokerto,Bangsal,-7.5040689,112.4824129,5.517
PKT-001537,H14,JNE Warehouse Mojokerto,Mojokerto,Dawar Blandong,-7.3238352,112.4394799,15.447
PKT-001538,H14,JNE Warehouse Mojokerto,Mojokerto,Sooko,-7.5066304,112.4234887,6.164
PKT-001539,H14,JNE Warehouse Mojokerto,Mojokerto,Mojoanyar,-7.4840646,112.454012,2.495
PKT-001540,H14,JNE Warehouse Mojokerto,Mojokerto,Mojosari,-7.5112696,112.5461899,11.337
PKT-001541,H14,JNE Warehouse Mojokerto,Mojokerto,Puri,-7.5530219,112.4689325,10.245
PKT-001542,H14,JNE Warehouse Mojokerto,Mojokerto,Jatirejo,-7.5811892,112.4168444,13.976
PKT-001543,H14,JNE Warehouse Mojokerto,Mojokerto,Ngoro,-7.5597778,112.629845,22.019
PKT-001544,H14,JNE Warehouse Mojokerto,Mojokerto,Jatirejo,-7.6079118,112.4041559,17.24
PKT-001545,H14,JNE Warehouse Mojokerto,Mojokerto,Jetis,-7.4062807,112.446144,6.268
PKT-001546,H14,JNE Warehouse Mojokerto,Mojokerto,Mojoanyar,-7.5124945,112.4492873,5.696
PKT-001547,H14,JNE Warehouse Mojokerto,Mojokerto,Dawar Blandong,-7.3392864,112.4338829,13.839
PKT-001548,H14,JNE Warehouse Mojokerto,Mojokerto,Dawar Blandong,-7.3390255,112.428671,13.982
PKT-001549,H14,JNE Warehouse Mojokerto,Mojokerto,Trowulan,-7.5471155,112.3654544,13.799
PKT-001550,H14,JNE Warehouse Mojokerto,Mojokerto,Pacet,-7.6751922,112.5444982,25.648
PKT-001551,H14,JNE Warehouse Mojokerto,Mojokerto,Bangsal,-7.5022226,112.5032744,6.861
PKT-001552,H14,JNE Warehouse Mojokerto,Mojokerto,Bangsal,-7.5176515,112.4963308,7.624
PKT-001553,H14,JNE Warehouse Mojokerto,Mojokerto,Pungging,-7.5191275,112.5773559,14.793
PKT-001554,H14,JNE Warehouse Mojokerto,Mojokerto,Gedeg,-7.4483352,112.3930166,7.135
PKT-001555,H14,JNE Warehouse Mojokerto,Mojokerto,Jetis,-7.3992768,112.4291989,7.562
PKT-001556,H14,JNE Warehouse Mojokerto,Mojokerto,Gondang,-7.6099073,112.4733406,16.582
PKT-001557,H14,JNE Warehouse Mojokerto,Mojokerto,Trawas,-7.6654245,112.6061259,28.03
PKT-001558,H14,JNE Warehouse Mojokerto,Mojokerto,Gedeg,-7.4426622,112.3908583,7.521
PKT-001559,H14,JNE Warehouse Mojokerto,Mojokerto,Ngoro,-7.5442844,112.6195888,20.206
PKT-001560,H14,JNE Warehouse Mojokerto,Mojokerto,Sooko,-7.4980031,112.4455137,4.204
PKT-001561,H14,JNE Warehouse Mojokerto,Mojokerto,Puri,-7.5674173,112.4700584,11.848
PKT-001562,H14,JNE Warehouse Mojokerto,Mojokerto,Dlanggu,-7.5492329,112.4926411,10.521
PKT-001563,H14,JNE Warehouse Mojokerto,Mojokerto,Ngoro,-7.5334391,112.6258511,20.321
PKT-001564,H14,JNE Warehouse Mojokerto,Mojokerto,Pacet,-7.674682,112.5384051,25.348
PKT-001565,H14,JNE Warehouse Mojokerto,Mojokerto,Bangsal,-7.4890345,112.4641537,3.156
PKT-001566,H14,JNE Warehouse Mojokerto,Mojokerto,Trawas,-7.6458985,112.5971932,25.7
PKT-001567,H14,JNE Warehouse Mojokerto,Mojokerto,Trowulan,-7.5493425,112.3601514,14.396
PKT-001568,H14,JNE Warehouse Mojokerto,Mojokerto,Gondang,-7.6063459,112.4920512,16.555
PKT-001569,H14,JNE Warehouse Mojokerto,Mojokerto,Trawas,-7.6816686,112.6031875,29.328
PKT-001570,H14,JNE Warehouse Mojokerto,Mojokerto,Mojoanyar,-7.4890141,112.4586236,3.043
PKT-001571,H14,JNE Warehouse Mojokerto,Mojokerto,Gondang,-7.6128305,112.4589398,16.803
PKT-001572,H14,JNE Warehouse Mojokerto,Mojokerto,Trawas,-7.664559,112.6169652,28.674
PKT-001573,H14,JNE Warehouse Mojokerto,Mojokerto,Kutorejo,-7.5668166,112.5386659,14.797
PKT-001574,H14,JNE Warehouse Mojokerto,Mojokerto,Kutorejo,-7.5558951,112.5342589,13.545
PKT-001575,H14,JNE Warehouse Mojokerto,Mojokerto,Sooko,-7.4932801,112.4323216,4.392
PKT-001576,H14,JNE Warehouse Mojokerto,Mojokerto,Bangsal,-7.5081808,112.4783192,5.706
PKT-001577,H14,JNE Warehouse Mojokerto,Mojokerto,Mojosari,-7.5121069,112.5583602,12.568
PKT-001578,H14,JNE Warehouse Mojokerto,Mojokerto,Jetis,-7.4027253,112.420715,7.646
PKT-001579,H14,JNE Warehouse Mojokerto,Mojokerto,Pacet,-7.667428,112.5542767,25.293
PKT-001580,H14,JNE Warehouse Mojokerto,Mojokerto,Dlanggu,-7.5692281,112.4802319,12.239
PKT-001581,H14,JNE Warehouse Mojokerto,Mojokerto,Ngoro,-7.5586888,112.598936,19.064
PKT-001582,H14,JNE Warehouse Mojokerto,Mojokerto,Ngoro,-7.5626373,112.6196118,21.213
PKT-001583,H15,J&T Express DC Majapahit,Mojokerto,Gedeg,-7.4416966,112.3969108,7.858
PKT-001584,H15,J&T Express DC Majapahit,Mojokerto,Trowulan,-7.5549872,112.3777112,9.309
PKT-001585,H15,J&T Express DC Majapahit,Mojokerto,Gondang,-7.6248502,112.4749775,14.611
PKT-001586,H15,J&T Express DC Majapahit,Mojokerto,Mojoanyar,-7.5084576,112.4576975,2.286
PKT-001587,H15,J&T Express DC Majapahit,Mojokerto,Pungging,-7.5328008,112.570225,14.891
PKT-001588,H15,J&T Express DC Majapahit,Mojokerto,Gedeg,-7.4449412,112.4212842,6.26
PKT-001589,H15,J&T Express DC Majapahit,Mojokerto,Dawar Blandong,-7.3231309,112.4374862,19.466
PKT-001590,H15,J&T Express DC Majapahit,Mojokerto,Gedeg,-7.4440318,112.4081755,6.954
PKT-001591,H15,J&T Express DC Majapahit,Mojokerto,Puri,-7.5666375,112.4711379,8.362
PKT-001592,H15,J&T Express DC Majapahit,Mojokerto,Kemlagi,-7.402132,112.3810095,12.49
PKT-001593,H15,J&T Express DC Majapahit,Mojokerto,Jatirejo,-7.6108535,112.4091715,12.974
PKT-001594,H15,J&T Express DC Majapahit,Mojokerto,Mojosari,-7.5173528,112.5620145,13.647
PKT-001595,H15,J&T Express DC Majapahit,Mojokerto,Dawar Blandong,-7.3276336,112.4183007,19.111
PKT-001596,H15,J&T Express DC Majapahit,Mojokerto,Jetis,-7.3994912,112.4202636,11.182
PKT-001597,H15,J&T Express DC Majapahit,Mojokerto,Mojoanyar,-7.5027354,112.4764582,4.079
PKT-001598,H15,J&T Express DC Majapahit,Mojokerto,Trawas,-7.6500811,112.6099856,25.247
PKT-001599,H15,J&T Express DC Majapahit,Mojokerto,Gondang,-7.6091904,112.4684688,12.744
PKT-001600,H15,J&T Express DC Majapahit,Mojokerto,Gondang,-7.6083368,112.4867815,13.301
PKT-001601,H15,J&T Express DC Majapahit,Mojokerto,Trawas,-7.6477644,112.6035119,24.546
PKT-001602,H15,J&T Express DC Majapahit,Mojokerto,Trowulan,-7.5588504,112.3607329,11.017
PKT-001603,H15,J&T Express DC Majapahit,Mojokerto,Bangsal,-7.4901688,112.4868439,5.269
PKT-001604,H15,J&T Express DC Majapahit,Mojokerto,Pacet,-7.6412375,112.5425856,19.533
PKT-001605,H15,J&T Express DC Majapahit,Mojokerto,Jetis,-7.3802371,112.4173708,13.344
PKT-001606,H15,J&T Express DC Majapahit,Mojokerto,Gedeg,-7.440134,112.3953885,8.098
PKT-001607,H15,J&T Express DC Majapahit,Mojokerto,Dawar Blandong,-7.3318376,112.4004937,18.996
PKT-001608,H15,J&T Express DC Majapahit,Mojokerto,Puri,-7.5461043,112.4614141,5.84
PKT-001609,H15,J&T Express DC Majapahit,Mojokerto,Bangsal,-7.5168018,112.4808413,4.982
PKT-001610,H15,J&T Express DC Majapahit,Mojokerto,Mojoanyar,-7.4881434,112.4651881,3.019
PKT-001611,H15,J&T Express DC Majapahit,Mojokerto,Kemlagi,-7.381267,112.386658,14.257
PKT-001612,H15,J&T Express DC Majapahit,Mojokerto,Dawar Blandong,-7.3365942,112.4303225,17.997
PKT-001613,H15,J&T Express DC Majapahit,Mojokerto,Mojosari,-7.5412571,112.5459861,12.654
PKT-001614,H15,J&T Express DC Majapahit,Mojokerto,Dawar Blandong,-7.3308899,112.4130377,18.833
PKT-001615,H15,J&T Express DC Majapahit,Mojokerto,Trawas,-7.6626431,112.584792,24.291
PKT-001616,H15,J&T Express DC Majapahit,Mojokerto,Gedeg,-7.445071,112.387462,8.252
PKT-001617,H15,J&T Express DC Majapahit,Mojokerto,Trawas,-7.6605233,112.6065992,25.771
PKT-001618,H15,J&T Express DC Majapahit,Mojokerto,Trowulan,-7.568165,112.3722734,10.765
PKT-001619,H15,J&T Express DC Majapahit,Mojokerto,Dawar Blandong,-7.3181587,112.4251082,20.082
PKT-001620,H15,J&T Express DC Majapahit,Mojokerto,Puri,-7.5351088,112.4567783,4.516
PKT-001621,H15,J&T Express DC Majapahit,Mojokerto,Dlanggu,-7.5595442,112.473106,7.752
PKT-001622,H15,J&T Express DC Majapahit,Mojokerto,Sooko,-7.4853142,112.4167168,2.914
PKT-001623,H15,J&T Express DC Majapahit,Mojokerto,Mojosari,-7.5230269,112.5550085,13.004
PKT-001624,H15,J&T Express DC Majapahit,Mojokerto,Dawar Blandong,-7.3228091,112.4211986,19.607
PKT-001625,H15,J&T Express DC Majapahit,Mojokerto,Gedeg,-7.4525864,112.4031817,6.477
PKT-001626,H15,J&T Express DC Majapahit,Mojokerto,Gondang,-7.5966675,112.4721171,11.518
PKT-001627,H15,J&T Express DC Majapahit,Mojokerto,Kemlagi,-7.3804193,112.3943928,14.016
PKT-001628,H15,J&T Express DC Majapahit,Mojokerto,Jatirejo,-7.6052976,112.4247635,12.025
PKT-001629,H15,J&T Express DC Majapahit,Mojokerto,Dlanggu,-7.5447673,112.486134,7.28
PKT-001630,H15,J&T Express DC Majapahit,Mojokerto,Bangsal,-7.4858067,112.4774598,4.38
PKT-001631,H15,J&T Express DC Majapahit,Mojokerto,Ngoro,-7.5416534,112.6261334,21.109
PKT-001632,H15,J&T Express DC Majapahit,Mojokerto,Ngoro,-7.545219,112.6274366,21.342
PKT-001633,H15,J&T Express DC Majapahit,Mojokerto,Mojosari,-7.5132519,112.5795482,15.503
PKT-001634,H15,J&T Express DC Majapahit,Mojokerto,Pacet,-7.6812689,112.5338527,22.849
PKT-001635,H15,J&T Express DC Majapahit,Mojokerto,Kutorejo,-7.5662206,112.5169039,11.384
PKT-001636,H15,J&T Express DC Majapahit,Mojokerto,Jetis,-7.3899651,112.4465237,12.056
PKT-001637,H15,J&T Express DC Majapahit,Mojokerto,Trawas,-7.6723909,112.5945488,25.815
PKT-001638,H15,J&T Express DC Majapahit,Mojokerto,Trowulan,-7.5475271,112.3746735,9.031
PKT-001639,H15,J&T Express DC Majapahit,Mojokerto,Dlanggu,-7.5787845,112.5008924,11.215
PKT-001640,H15,J&T Express DC Majapahit,Mojokerto,Sooko,-7.4847064,112.4234264,2.341
PKT-001641,H15,J&T Express DC Majapahit,Mojokerto,Mojosari,-7.5158645,112.5352456,10.711
PKT-001642,H15,J&T Express DC Majapahit,Mojokerto,Jatirejo,-7.6137583,112.4044098,13.429
PKT-001643,H15,J&T Express DC Majapahit,Mojokerto,Gondang,-7.6134865,112.4770285,13.464
PKT-001644,H15,J&T Express DC Majapahit,Mojokerto,Dawar Blandong,-7.3403934,112.4210786,17.665
PKT-001645,H15,J&T Express DC Majapahit,Mojokerto,Mojosari,-7.5055172,112.5726329,14.673
PKT-001646,H15,J&T Express DC Majapahit,Mojokerto,Trowulan,-7.5317689,112.3692177,8.625
PKT-001647,H15,J&T Express DC Majapahit,Mojokerto,Kemlagi,-7.3861803,112.3825281,13.96
PKT-001648,H15,J&T Express DC Majapahit,Mojokerto,Trowulan,-7.5446889,112.3813301,8.259
PKT-001649,H15,J&T Express DC Majapahit,Mojokerto,Jetis,-7.4035156,112.4254188,10.644
PKT-001650,H15,J&T Express DC Majapahit,Mojokerto,Trowulan,-7.5519579,112.3846233,8.525
PKT-001651,H15,J&T Express DC Majapahit,Mojokerto,Sooko,-7.4891582,112.4198037,2.416
PKT-001652,H15,J&T Express DC Majapahit,Mojokerto,Ngoro,-7.5601719,112.6197633,21.008
PKT-001653,H15,J&T Express DC Majapahit,Mojokerto,Trowulan,-7.5554866,112.3664208,10.293
PKT-001654,H15,J&T Express DC Majapahit,Mojokerto,Kemlagi,-7.3965868,112.3803515,13.057
PKT-001655,H15,J&T Express DC Majapahit,Mojokerto,Sooko,-7.5019195,112.4499141,1.196
PKT-001656,H15,J&T Express DC Majapahit,Mojokerto,Pacet,-7.6583391,112.5483132,21.456
PKT-001657,H15,J&T Express DC Majapahit,Mojokerto,Puri,-7.5531838,112.4737864,7.176
PKT-001658,H15,J&T Express DC Majapahit,Mojokerto,Jatirejo,-7.6018377,112.4097117,11.992
PKT-001659,H15,J&T Express DC Majapahit,Mojokerto,Puri,-7.5533652,112.4676895,6.866
PKT-001660,H15,J&T Express DC Majapahit,Mojokerto,Gondang,-7.6047496,112.4698735,12.307
PKT-001661,H15,J&T Express DC Majapahit,Mojokerto,Puri,-7.536686,112.4811396,6.258
PKT-001662,H15,J&T Express DC Majapahit,Mojokerto,Pacet,-7.6645541,112.5429654,21.719
PKT-001663,H15,J&T Express DC Majapahit,Mojokerto,Ngoro,-7.5377193,112.6028039,18.506
PKT-001664,H15,J&T Express DC Majapahit,Mojokerto,Jatirejo,-7.6144164,112.4345603,12.938
PKT-001665,H15,J&T Express DC Majapahit,Mojokerto,Mojoanyar,-7.4977416,112.4621041,2.466
PKT-001666,H15,J&T Express DC Majapahit,Mojokerto,Kutorejo,-7.5648737,112.5275901,12.198
PKT-001667,H15,J&T Express DC Majapahit,Mojokerto,Dawar Blandong,-7.339793,112.4239067,17.698
PKT-001668,H15,J&T Express DC Majapahit,Mojokerto,Jetis,-7.4060461,112.4105817,10.737
PKT-001669,H15,J&T Express DC Majapahit,Mojokerto,Trowulan,-7.5660151,112.3641193,11.242
PKT-001670,H15,J&T Express DC Majapahit,Mojokerto,Gondang,-7.6124817,112.4779581,13.39
PKT-001671,H15,J&T Express DC Majapahit,Mojokerto,Kutorejo,-7.5604067,112.5198537,11.219
PKT-001672,H15,J&T Express DC Majapahit,Mojokerto,Gondang,-7.6398823,112.4800124,16.37
PKT-001673,H15,J&T Express DC Majapahit,Mojokerto,Pacet,-7.6746676,112.5464421,22.879
PKT-001674,H15,J&T Express DC Majapahit,Mojokerto,Puri,-7.545706,112.4635991,5.903
PKT-001675,H15,J&T Express DC Majapahit,Mojokerto,Trowulan,-7.5496737,112.3842333,8.38
PKT-001676,H15,J&T Express DC Majapahit,Mojokerto,Trawas,-7.6531116,112.5924534,24.086
PKT-001677,H15,J&T Express DC Majapahit,Mojokerto,Dawar Blandong,-7.3241919,112.4293523,19.38
PKT-001678,H15,J&T Express DC Majapahit,Mojokerto,Gedeg,-7.4586033,112.3924243,6.825
PKT-001679,H15,J&T Express DC Majapahit,Mojokerto,Gondang,-7.6121047,112.4882762,13.751
PKT-001680,H15,J&T Express DC Majapahit,Mojokerto,Dlanggu,-7.5856288,112.4843891,10.899
PKT-001681,H15,J&T Express DC Majapahit,Mojokerto,Jatirejo,-7.6089491,112.4258379,12.412
PKT-001682,H15,J&T Express DC Majapahit,Mojokerto,Mojoanyar,-7.5167598,112.4611549,3.137
PKT-001683,H15,J&T Express DC Majapahit,Mojokerto,Bangsal,-7.4802377,112.467214,3.627
PKT-001684,H15,J&T Express DC Majapahit,Mojokerto,Jatirejo,-7.5758768,112.4069451,9.366
PKT-001685,H15,J&T Express DC Majapahit,Mojokerto,Mojosari,-7.5010667,112.5786502,15.317
PKT-001686,H15,J&T Express DC Majapahit,Mojokerto,Ngoro,-7.542656,112.6248863,21.001
PKT-001687,H15,J&T Express DC Majapahit,Mojokerto,Mojosari,-7.5287941,112.5657933,14.307
PKT-001688,H15,J&T Express DC Majapahit,Mojokerto,Sooko,-7.4648344,112.4212051,4.234
PKT-001689,H15,J&T Express DC Majapahit,Mojokerto,Dlanggu,-7.572234,112.4851254,9.635
PKT-001690,H15,J&T Express DC Majapahit,Mojokerto,Ngoro,-7.5679689,112.610111,20.321
PKT-001691,H15,J&T Express DC Majapahit,Mojokerto,Kutorejo,-7.557823,112.5280052,11.775
PKT-001692,H15,J&T Express DC Majapahit,Mojokerto,Kemlagi,-7.3862258,112.369092,14.685
PKT-001693,H15,J&T Express DC Majapahit,Mojokerto,Ngoro,-7.5608404,112.6061927,19.627
PKT-001694,H15,J&T Express DC Majapahit,Mojokerto,Pungging,-7.5289822,112.586751,16.564
PKT-001695,H15,J&T Express DC Majapahit,Mojokerto,Trawas,-7.6552023,112.6207967,26.517
PKT-001696,H15,J&T Express DC Majapahit,Mojokerto,Ngoro,-7.5553077,112.5989737,18.667
PKT-001697,H15,J&T Express DC Majapahit,Mojokerto,Sooko,-7.4804179,112.4235423,2.663
PKT-001698,H15,J&T Express DC Majapahit,Mojokerto,Bangsal,-7.4936834,112.490522,5.621
PKT-001699,H15,J&T Express DC Majapahit,Mojokerto,Ngoro,-7.54453,112.6371453,22.363
PKT-001700,H15,J&T Express DC Majapahit,Mojokerto,Bangsal,-7.5107525,112.4743312,4.061
PKT-001701,H15,J&T Express DC Majapahit,Mojokerto,Mojosari,-7.5152099,112.5608555,13.485
PKT-001702,H15,J&T Express DC Majapahit,Mojokerto,Pacet,-7.672589,112.5279966,21.696
PKT-001703,H15,J&T Express DC Majapahit,Mojokerto,Kemlagi,-7.3892113,112.3649106,14.659
PKT-001704,H15,J&T Express DC Majapahit,Mojokerto,Puri,-7.5425449,112.4760145,6.35
PKT-001705,H15,J&T Express DC Majapahit,Mojokerto,Jetis,-7.3951756,112.432913,11.478
PKT-001706,H15,J&T Express DC Majapahit,Mojokerto,Gondang,-7.6382348,112.4906694,16.554
